Pear & Gorgonzola Salad  ,梨&戈尔根朱勒干酪沙拉（w /坚果）（素）,梨和奶酪沙拉
Bulgur/Mint/Dried Fruit Salad ,保鲜/薄荷/干果沙拉（w /坚果）（素）,干小麦碎／薄荷／果脯沙拉
Sliced Genoa Salami,切丝热那亚萨拉米香肠,热那亚式萨拉米香肠切片
Cheddar Cheese ,切达干酪（素）,车达芝士
Sliced Pepper Jack Cheese ,切胡椒杰克奶酪（素）,胡椒奶酪切片
Chicken Shoyu,鸡Sho yu,酱油鸡
Pineapple Fried Rice w/Tofu ,菠萝炒饭与豆腐（素）,菠萝炒饭（内含豆腐）
Egg Rolls ,蛋卷（素）,炸春卷
Stir Fried Bok Choy ,炒ok y（素）,炒白菜
Fresh Cauliflower & Carrots ,新鲜花椰菜,新鲜的花椰菜和胡萝卜
Stir Fry Vegetables ,炒蔬菜（素）,炒青菜
Pizza Line,披萨线,披萨
BBQ Chicken Pizza,烧烤鸡肉披萨,烤鸡肉披萨
Vegetable Pizza ,蔬菜披萨（素）,蔬菜披萨
Three Cheese Pizza ,三奶酪披萨（素）,三种奶酪披萨
Vegan Pizza (Available Upon Request),素食薄饼（可根据要求提供）,素食披萨
Grilled Amer/Swiss Cheese Sandwich ,烤美味/瑞士奶酪三明治（素）,烤美国芝士三明治／烤瑞典芝士三明治
Mushroom Barley Soup ,蘑菇大麦汤（素）,蘑菇大麦浓汤
Hawaiian Sweet Bread ,夏威夷甜面包（素）,夏威夷甜面包
M&M Bar  ,M,MM豆 bar
Chocolate Cream Cheese Cupcake ,巧克力奶油蛋糕（素）,巧克力乳酪杯子蛋糕
Bulgur/Mint/Drd Fruit Salad ,保鲜/薄荷/水果沙拉（w /坚果）（素）,干小麦碎／薄荷／果脯沙拉
Thai Noodle Salad  ,泰式面条沙拉（w /坚果）（素）,泰式面条沙拉
Chicken Marsala,鸡马尔萨拉,烤香草乳酪鸡胸
Cheese Ravioli w/ Tomato Cream Sauce ,奶油馄饨（番茄酱）（素）,奶酪小方饺配番茄奶油酱
Linguini ,Linguini（素）,意大利面
zSpicy Tomato Sauce ,zSpicy番茄酱（素）,辣番茄酱
Green Beans in Brown Butter ,棕色黄油中的绿豆（素）,布朗黄油烩青豆
zPork Balchao,zPork Ba\u200b\u200blchao,炖猪肉
Mushroom Curry ,蘑菇咖喱（素）,咖喱蘑菇
Basmati Rice with Peas ,豌豆（素）,豌豆配印度香米
Indian Lentils ,印度扁豆（素）,印度小扁豆
Naan Bread ,Na面包（素）,烤饼
Beef Enchilada,牛肉芝士,以辣椒调味的一种墨西哥菜配牛肉
Cheese Enchilada ,芝加哥（素）,以辣椒调味的一种墨西哥菜加芝士
Mexican Rice,墨西哥饭,墨西哥风味饭
Turkey Vegetable Soup,土豆蔬菜汤,火鸡蔬菜汤
Wild Savory Rice ,野味咸米（素）,野生香薄荷饭
Pasta with Olive Oil ,橄榄油意大利面（素）,橄榄油配意面
Almond Braids  ,杏仁辫子（w /坚果）（素）,杏仁面包
Coconut Cream Pie  ,椰子奶油馅饼（w /坚果）（素）,椰子奶油馅饼
Avocado And Tomato Salad ,鳄梨和番茄沙拉（素）,牛油果番茄沙拉
Vegetable Soup ,蔬菜汤（素）,蔬菜汤
Philly Cheese Steak Sandwich,费城干酪牛排三明治,牛排芝士三明治
Fresh Broccoli Spears ,新鲜西兰花Spears（素）,新鲜的西兰花茎
Grits ,砂砾（素）,粗玉米粉
French Toast ,法国吐司（素）,法国吐司
Cage Free Scrambled Eggs w/Ham & Cheese,炒鸡蛋与火腿起司,炒鸡蛋配芝士火腿
Fried Potatoes with Onions ,炒土豆与洋葱（素）,洋葱炒土豆
Brunch Coffee Cake ,早午餐咖啡蛋糕（素）,咖啡蛋糕
Lemon Scone ,柠檬饼（素）,柠檬松饼
Granulated Peanut,颗粒花生,花生颗粒
Brown Sugar,红糖,红糖
Teriyaki Beef,红烧牛肉,照烧牛肉
Stir Fry Noodles with Vegetables ,搅拌炒面（蔬菜）,蔬菜炒面
Turkey Meatloaf,火鸡肉饼,火鸡肉卷
Baby Carrots with Tarragon ,宝贝胡萝卜与塔拉贡（素）,小胡萝卜配龙蒿
Corn ,玉米（素）,玉米
Risotto with Fresh Vegetables ,新鲜蔬菜烩饭（素）,蔬菜烩饭
Tomato Rice Soup ,番茄大米汤（素）,番茄饭汤
Penne Pasta ,尖管通心粉（素）,通心粉
Creamy Rosemary Sauce ,奶油迷迭香酱（素）,奶油迷迭香酱
Sausage Mushroom Pizza,香肠蘑菇披萨,香肠蘑菇披萨
Tomato Basil Pizza on Wheat ,番茄罗勒披萨小麦（素）,番茄罗勒小麦披萨
Cornbread w/ Honey Butter,玉米面包/蜂蜜黄油,玉米面包配蜂蜜黄油
Banana Macadamia Nut Cake  ,香蕉澳洲坚果蛋糕（w /坚果）（素）,香蕉坚果蛋糕
Garbanzo Bean,Garbanzo豆,鹰嘴豆
Celery,芹菜,芹菜
Daikon Sprout,萝卜芽,萝卜芽
Lentil and Brown Rice Soup ,扁豆和糙米汤（素）,扁豆糙米汤
Shaved Turkey on 100% Whole Wheat,刮火鸡100％全麦,火鸡配全麦
Fresh Steamed Carrots ,新鲜的胡萝卜（素）,蒸胡萝卜
Sausage and Mushroom Pizza,香肠和蘑菇披萨,香肠蘑菇披萨
Cream of Wheat ,小麦奶油（素）,面粉加维生素无机盐制成的早点
Fresh Scrambled Eggs ,新鲜炒鸡蛋（素）,炒鸡蛋
Apple Cinnamon Pancake ,苹果肉桂煎饼（素）,肉桂苹果薄煎饼
Bacon,培根,培根
Diced Potatoes with Onions ,洋葱切成土豆（素）,洋葱土豆丁
Waffles ,华夫饼（素）,华夫饼
Red Potato Salad with Dill ,莳萝红土豆沙拉（素）,土豆沙拉配小茴香
Sliced Cantalope ,切片Cantalope（素）,切香瓜
Sliced Honeydew ,切蛋白（素）,切甜瓜
Grapefruit Halves ,葡萄柚一半（素）,半个葡萄柚
Banana Chocolate Chip Muffin ,香蕉巧克力松饼（素）,香蕉巧克力松饼
Spaghetti Soup ,意粉汤（素）,意粉汤
Lemon Pepper Rotisserie Chicken,柠檬胡椒烤鸡,柠檬胡椒烤鸡
Roasted Potato Halves ,烤马铃薯（素）,切半烤土豆
Spinach Noodle Casserole ,菠菜面条砂锅（素）,菠菜面条煲
Steamed Cauliflower and Broccoli ,花椰菜和西兰花（素）,蒸花椰菜和西兰花
Beef And Bean Burrito,牛肉和炸薯条,牛肉豆子煎饼
Black Bean Enchilada ,黑豆Enchilada（素）,黑豆玉米卷饼
Mexican Rice ,墨西哥米（素）,墨西哥饭
Roasted Chile Negro Salsa ,烤智利黑人萨尔萨酱（素）,
Chicken Fried Rice,鸡肉炒饭,鸡肉炒饭
Panfried Noodles with Vegetables ,蔬菜面粉（素）,蔬菜煎面
Cracked Wheat Bread ,破碎的小麦面包（素）,小麦面包
Chocolate Mousse Pie,巧克力慕斯馅饼,巧克力慕斯馅饼
Creamy Peanut Butter,奶油花生酱,醇厚花生酱
Sliced Mushroom,切菇,蘑菇切片
Whole Kernel Corn,全粒玉米,玉米粒
Red Kidney Bean,红芸豆,红芸豆
Shoestring Beet,烧甜菜,甜菜
zOrange Cream Fruit Salad ,zOrange奶油水果沙拉（素）,香橙奶油水果沙拉
Pasta Salad w/ Ginger & Onions ,意大利面沙拉配姜,通心粉沙拉配姜和洋葱
Sliced Italian Dry Salami,切意大利干腊肠,意大利干腊肠切片
Natural Swiss Cheese ,天然瑞士奶酪（五）,天然瑞士奶酪
Whole Wheat French Toast ,全麦法国吐司（素）,全麦法国吐司
Potatoes OyinhaoBrien ,土豆OyinhaoBrien（素）,
Monte Cristo Sandwich,基督山三明治,蒙特克里斯托三明治
zLinguini w/Bacon Tomato Cream Sauce,zLinguini w /培根番茄酱酱,通心粉配培根番茄奶油酱
Roasted Vegetables ,烤蔬菜（素）,烤蔬菜
Egg and Cheese Bagel Sandwich ,鸡蛋和芝士百吉饼三明治（素）,奶酪鸡蛋三明治
Strawberry Sauce ,草莓酱（素）,草莓酱
Tomato Rice Soup ,番茄米饭汤（素）,番茄米汤
Raspberry White Chocolate Scone ,覆盆子白巧克力饼（素）,覆盆子白巧克力松饼
Pumpkin Muffins  ,南瓜松饼（w /坚果）（素）,南瓜松饼
Unsalted Butter,无盐黄油,无盐黄油
Roast Beef with Gravy,烤牛肉与肉汁,多汁烤牛肉
Tavern Battered Cod,酒馆Baked Cod,酒馆鳕鱼
Roasted Fingerling Potatoes ,烤肉土豆（素）,烤小土豆
Spinach Turnover ,菠菜周转（素）,菠菜小馅饼
Cheddar Cheese Omelet ,切达干酪煎蛋卷（素）,切达芝士煎蛋卷
Calamari & Scallop Mung Noodle Salad,鱿鱼,鱿鱼，扇贝，绿豆面条沙拉
Coleslaw w/ Vinaigrette Dressing ,凉拌卷心装,凉拌卷心菜配香醋
Cajun Chicken Stir Fry,Cajun鸡肉搅拌,法式炒鸡
Chicken Quarters with BBQ Sauce,烤鸡肉烧烤酱,鸡腿配烧烤酱
Green Spinach ,绿菠菜（素）,绿色的菠菜
Kale Strawberry Salad & Walnuts ,甘蓝草莓沙拉,草莓沙拉配核桃
Grilled Vegetables,烤蔬菜,烤蔬菜
Cinnamon And Sugar Muffin ,肉桂和松饼（素）,肉桂和糖松饼
Curry Cous Cous Salad w/Fruit,咖喱Cous Cous沙拉w /水果（w /坚果）,咖喱米饭沙拉配水果
White Beans ,白豆（素）,白豆
Roasted Broccoli and Red Onion ,烤西兰花和红洋葱（素）,烤西兰花配红洋葱
Three Cheese Pizza on White ,白色三粒芝士披萨（素）,白芝士披萨
Spanakopita Triangles ,Spanakopita三角形（素）,希腊式馅饼
Greek Green Beans ,希腊绿豆（素）,希腊青豆
Pecan Cinnamon Muffin  ,山核桃肉桂松饼（w /坚果）（素）,核桃肉桂松饼
Chunky Tomato Basil Sauce ,浓缩番茄罗勒酱（素）,浓郁番茄罗勒酱
Mediterranean Couscous Salad ,地中海沙司（w /坚果）（素）,地中海蒸粗燕麦粉沙拉
Lemon Bar ,柠檬酒吧（素）,柠檬蛋糕
Stir Fry Shrimp and Vegetables,搅拌炒虾和蔬菜,虾仁炒青菜
Whole Wheat Banana Pancakes ,全麦香蕉薄煎饼（素）,全麦香蕉煎薄饼
Grits w/Kale and Fried Egg ,砂锅和炸鸡蛋（素）,粗面粉甘蓝配煎蛋
Okonomiyaki,大阪烧,日式烧饼
Sour Cream Vegetable Salad ,酸奶油蔬菜沙拉（素）,酸奶油蔬菜沙拉
Fresh Semolina Pasta ,新鲜面粉（素）,新鲜面条
Chicken Caesar Sandwich on Focaccia,鸡凯撒三明治在Focaccia,凯撒鸡肉三明治
Pesto Artchoke Pizza ,Pesto美食披萨（素）,香蒜酱洋蓟披萨
Grilled Turkey & Swiss on Whole Wheat,烤火鸡,烤火鸡配瑞士全麦面包
Summer Fruit Salad ,夏季水果沙拉（素）,夏日水果沙拉
M & M Bar  ,中号,M&M豆甜点
Tilapia with Red Curry Sauce ,罗非鱼与红咖喱酱（w /坚果）,罗非鱼配红咖喱酱
Vegetable Enchilada ,植物恩施拉达（素）,墨西哥辣炒蔬菜
Alfredo Sauce w/Chicken/Vegetables,Alfredo酱有鸡/蔬菜,阿尔菲勒多意面酱配鸡肉和蔬菜
Chinese Pulled Pork Sandwich,中国拔猪肉三明治,中国风味手撕猪肉三明治
Housemade Egg Rolls ,自制蛋卷（素）,自制鸡蛋卷
Sesame Roll ,芝麻卷（素）,芝麻卷
Cream Puff,泡芙,奶油泡芙
Oriental Salad ,东方沙拉（素）,东方风味沙拉
Sweet & Sour Tofu & Veggies,甜,糖醋豆腐炒蔬菜
Broccoli Cauliflower Stir Fry ,西兰花花椰菜炒菜（素）,西兰花炒菜花
Grilled Swiss and Bacon on Rye,烤瑞士和培根在黑麦,烤培根配黑麦
Raspberry Cr. Chz.Coffee Cake ,覆盆子Cr Chc咖啡蛋糕（w /坚果）,覆盆子咖啡蛋糕
French Dip Sandwich,法国浸三明治,法式三明治
Salami & Olive Pizza,萨拉米,香肠橄榄披萨
Marinara Sauce w/ Sausage,马里纳拉酱配香肠,马里纳拉酱配香肠
Garlic Cream Sauce with Vegetables ,大蒜酱油（素）,蒜蓉奶油沙司配蔬菜
Parmesan Herb Roll ,巴马草卷（素）,香草芝士卷
Far East Vegetable Soup ,远东蔬菜汤（素）,远东蔬菜汤
Fettuccine ,Fettuccine（素）,意大利宽面
White Wine Garlic Sauce with Chicken,白酒大蒜酱鸡肉,白葡萄酒蒜酱鸡肉
Housemade Whole Wheat Pasta ,全自动小麦面食（素）,家常全麦意粉
Garden Vegetable Marinara ,花园蔬菜Marinara（素）,花园蔬菜沙司
White Cake with Raspberry Filling ,白蛋糕与覆盆子馅（素）,覆盆子酱白蛋糕
Onion Roll ,洋葱卷（素）,洋葱卷
Turkey Sub Sandwich,火鸡小三明治,火鸡三明治
Black Bean & Rice Wet Burrito ,黑豆,黑豆&香米墨西哥卷饼
Cheese Pizza ,奶酪披萨（素）,芝士披萨
Green Curry Beef on Rice Noodles,米饭上的绿色咖喱牛肉（坚果,绿咖喱牛肉米粉
Thai Curry Tofu & Veg  ,泰国咖喱豆腐,泰式咖喱豆腐&蔬菜
Chinese Chicken Salad ,中国鸡肉沙拉,中式鸡肉沙拉
Cornbread ,玉米面包（素）,玉米面包
Chocolate Chip Bar ,巧克力棒（素）,巧克力棒
M&M Cookie  ,M,M&M 坚果曲奇饼
Minestrone Soup ,Minestrone汤（素）,意式蔬菜浓汤
BBQ Pork Spare Ribs,烧烤猪肉排骨,烧烤猪排
Lyonnaise Potatoes ,里昂土豆（素）,洋葱炸土豆
Baked Beans,烤豆,烤豆
Fish Taco,鱼拉饼,墨西哥鱼肉玉米卷
Papaya Salsa ,木瓜莎莎（素）,萨尔萨辣酱木瓜
Cheese Bread ,奶酪面包（素）,芝士面包
Toll House Pie ,收费台饼（素）,馅饼
Fried Potatoes & Onion ,炸土豆,洋葱炸土豆
Walnut Cinnnamon Coffee Cake ,核桃肉桂咖啡蛋糕（w /坚果）（素）,核桃肉桂咖啡蛋糕
Edamame & Pea Pod Salad ,毛豆,日本青豆&豌豆沙拉
Shredded Beef Tostada,切碎的牛肉Tostada,牛肉沫玉米圆饼
Baked Ziti ,烤Ziti（素）,意式烤通心面
Steamed Peas ,蒸豌豆（素）,蒸豌豆
Tuscan Panini ,托斯卡纳帕尼尼（素）,托斯卡纳三明治
Mocha Whoopie Pie,摩卡Who ie饼,摩卡果仁馅饼
Peanut Butter Bars  ,花生酱酒（w /坚果）（素）,黄油花生棒
Hummus  ,虎杖（w /坚果）（素）,鹰嘴豆泥
Thai Beef with Peanut Sauce ,泰式牛肉花生酱（含坚果）,泰式花生酱牛肉
Barley Stuffed Pepper ,大麦辣椒（素）,大麦夹心胡椒
Couscous ,咳嗽（素）,蒸粗麦粉
Marinara Sauce with Meatballs,马里纳拉酱肉丸,海员沙司酱肉丸
Mushroom Cream Sauce ,蘑菇奶油酱（素）,奶油蘑菇汤
Assorted Bread ,什锦面包（素）,什锦面包
New York Style Cheesecake ,纽约风格芝士蛋糕（素）,纽约芝士蛋糕
Vegetable Loveryinhaos Quiche ,蔬菜Loveryinhaos口香糖（素）,蔬菜乳蛋饼
Western Hash Brown ,西哈斯布朗（素）,西式马铃薯煎饼
Jack Cheese & Tomato Omelet ,杰克奶酪,芝士土豆煎蛋
Salsa Salad ,莎莎沙拉（素）,萨尔撒辣酱萨拉
Noodle Salad w/Roasted Broccoli &Kale,面条沙拉/烤西兰花,烤西兰花&甘蓝面条沙拉
Jack Cheese,杰克奶酪,杰克芝士
Sliced American Cheese ,切片美国奶酪（素）,美国切片芝士
Vietnamese Beef Sub (Banh Mi),越南牛肉（Banh Mi）,越南牛肉
Pasta with Grilled Vegetables ,烤蔬菜面食（素）,烤蔬菜意粉
Curly Fries ,卷发（素）,弯薯条
Orange Glazed Baby Carrots ,橙色釉面胡萝卜（素）,橙釉胡萝卜
Pozole Bar,波索酒吧,玉米肉汤
Homestyle Pozole with Condiments,自制Pozole调味品,家常调味玉米肉汤
Chicken Pozole,鸡Pozole,鸡肉玉米浓汤
Serrano Chile,塞拉诺智利,墨西哥红番椒
Chip Tortilla Pre-Cut,切片玉米饼预切,墨西哥薄饼片
Grilled Ham And Cheddar Sandwich,烤火腿和切达干酪三明治,切达干酪烤火腿三明治
Apple Crisp ,苹果酥脆（素）,苹果脆酥
Radish Loose,萝卜松散,萝卜酥
Chef's Choice Fish,Chefyinhaos选择鱼,厨师推荐的鱼
Pasta Primavera ,面食Primavera（素）,意式白桃花心木面
Baby Red Oven Roasted Potatoes ,婴儿红烤箱烤土豆（素）,烤红色小土豆
Sauteed Kale ,炒菜（素）,嫩煎甘蓝
Roasted Eggplant Sandwich ,烤茄子三明治（素）,烤茄子三明治
Ranch Style Beans,牧场风格豆,牧场大豆
Salsa de Tomatillo Verde ,Salsa de Tomatillo Verde（素）,萨尔萨粘果酸绿酱
Confetti Cake with Buttercream Icing,五彩纸屑蛋糕与奶油结冰,糖果奶油蛋糕
White Bean Basque Soup ,白豆巴斯克汤（素）,巴斯克白豆汤
Orange Scone ,橙色扫描（素）,英式橙味烤饼
Chocolate Chip Banana Bread Pudding ,巧克力香蕉面包布丁（素）,巧克力片香蕉面包布丁
Pork Fried Rice,猪排炒饭,猪肉炒饭
Beef Meatloaf,牛肉肉饼,牛肉饼
Black Olive Pizza on Wheat ,小麦上的黑橄榄披萨（素）,黑橄榄小麦披萨
Blueberry Pie ,蓝莓派（素）,蓝莓派
Fresh Vegetable Soup ,新鲜蔬菜汤（素）,新鲜蔬菜汤
Meatball Sub Sandwich,肉丸子三明治,肉丸三明治
Cheese Pizza on Wheat Crust ,小麦壳上的奶酪披萨（素）,脆皮芝士小麦披萨
Parmesan Pasta Salad ,巴马面食沙拉（素）,帕尔玛芝士意面沙拉
Sliced Pineapple ,菠萝菠萝（素）,菠萝片
Cream of Mushroom Soup ,蘑菇汤（素）,蘑菇奶油汤
Meatloaf,肉饼,肉饼
Spinach Rice Casserole ,菠菜米砂锅（素）,菠菜米饭炖锅
Potato Vegetable Soft Taco ,土豆蔬菜软豆饼（素）,墨西哥土豆蔬菜软卷
Black Bean Salsa ,黑豆莎莎（素）,萨尔萨风味黑豆
Wheat Penne Pasta ,小麦Penne Pasta（素）,意式小麦通心粉
Sourdough Rounds ,四面圆（素）,酵母面团
White Cake with Chocolate Frosting ,巧克力结霜白蛋糕（素）,霜冻白巧克力蛋糕
Thick Egg Bread French Toast ,厚蛋面包法国吐司（素）,法式鸡蛋厚面包
Three Cheese Quiche ,三个芝士蛋饼（素）,芝士乳蛋饼
Roasted Russet Breakfast Potatoes ,烤土豆早餐土豆（素）,烤土豆
Chili Macaroni,辣椒通心粉,辣味通心粉
Ratatouille ,拉图图,什锦炖菜
Jack Cheese Omelet w/Chiles ,杰克奶酪煎蛋卷/微笑（素）,只是煎蛋卷
Spinach Lentil Soup ,菠菜扁豆汤（素）,菠菜扁豆汤
Blueberry Scone ,蓝莓Scone（素）,蓝莓烤饼
Cinnamon Swirl Bread ,肉桂漩涡面包（素）,肉桂面包
London Broil,伦敦烤肉,伦敦烤肉
Mashed Red Potatoes ,泥土红土豆（素）,红薯泥
Pasta Carbonara,意大利面Carbonara,意式奶油培根面
Chocolate Chip Cake ,巧克力蛋糕（素）,巧克力蛋糕
Dilled Veggie Barley Soup ,Dilled素食大麦汤（素）,茴香大麦素材汤
Turkey Pot Pie,火鸡锅饼,火鸡饼
Creole Beans And Rice ,克里奥尔豆和米饭（素）,克里奥尔豆&米饭
Breakfast Quesadilla ,Quesadilla（素）,油炸玉米粉饼
Dried Cranberry Coconut Scone,干蔓越莓椰子（w /坚果）（素）,干蔓越莓椰子烤饼
Cinnamon Coffee Cake ,肉桂咖啡蛋糕（素）,肉桂咖啡蛋糕
Tofu Teriyaki Rice Bowl ,豆腐Teriyaki饭碗（素）,照烧豆腐饭
Chicken Chile Verde Burrito,鸡智利Verde墨西哥玉米煎饼,墨西哥红番椒鸡肉卷
Vegetable Turnover ,蔬菜周转（素）,蔬菜馅饼
Ham & Navy Bean Soup,火腿,火腿青豆汤
Fresh Basil Pesto ,新鲜罗勒Pesto（素）,罗勒香蒜沙司
Indian Lentils w/Long Grain Rice ,印度扁豆/长粒米（素）,印度扁豆&长粒米
Sausage,香肠,香肠
Garlic Pizza Sticks with Marinara Sauce,大蒜披萨棍棒与马里纳拉酱,意式海员酱蒜香披萨
Ricotta Pepper Bread ,奶油辣椒面包（素）,意式乳清芝士辣椒面包
Yellow Cake with Chocolate Icing ,带巧克力蛋糕的黄蛋糕（素）,巧克力凝霜黄蛋糕
Zucchini and Crookneck Squash ,西葫芦和Crookneck Squash（素）,绿皮西葫芦炒南瓜
Chicken Mushroom Pizza,鸡蘑菇披萨,蘑菇鸡肉披萨
Strawberry Cream Crepes ,草莓奶油绉纱（素）,草莓奶油薄饼
Chicken Soft Tacos,鸡软炸玉米饼,墨西哥鸡肉卷
Beef Taco,牛肉饼,墨西哥牛肉卷
Grilled Cheese w/Ham & Turkey on White,烤奶酪w /火腿,烤奶酪火腿和火鸡
Vietnamese Chicken Soup,越南鸡汤,越南鸡汤
Jalapeno Cheddar Roll ,Jalapeno Cheddar Roll（素）,墨西哥奶酪卷
Mint Stick ,薄荷棒（素）,薄荷棒
Oaatmeal Cocoa Chip Cookies,Oaatmeal可可粉饼干,燕麦可可曲奇
Marinated Broccoli & Bean Salad ,腌制西兰花,腌西兰花豆类沙拉
Grilled Tuscan Chicken,烤托斯卡纳鸡,托斯卡纳烤鸡
Mushroom Risotto ,蘑菇烩饭,蘑菇烩饭
Alfredo Sauce ,阿尔弗雷多酱（素）,阿尔费雷多酱
zAvocado Salsa ,zAvocado Salsa（素）,鳄梨沙司
Bread Whole Wheat French ,面包全麦（素）,法式全麦面包
Canadian Bacon,加拿大培根,加拿大培根
Lemon Yogurt Muffin (lf) ,柠檬酸奶松饼（lf）（素）,柠檬酸奶松糕
Banana Nut Bread  ,香蕉坚果面包（w /坚果）（素）,香蕉坚果面包
Organic Earl Grey Tea,有机伯爵灰茶,有机格雷伯爵茶
Pasta Salad with Grilled Veggies ,意大利面沙拉配烤肉（素）,通心粉沙拉加烤蔬菜
Sweet & Sour Pork,甜,酸甜猪肉
Asian Vegetable Stir Fry ,亚洲蔬菜炒（素）,亚洲炒菜
Roast Beef Sandwich with Gravy,烤牛肉三明治与肉汁,烤牛肉三明治配肉汁
Traditional Cheese Pizza on Wheat ,小麦传统芝士披萨（素）,传统小麦奶酪披萨
Chicken Rice Soup,鸡肉汤,鸡肉米汤
Grilled Chicken Tacos,烤鸡炸玉米饼,烤鸡玉米饼
Herb Roll ,草药卷（素）,青草卷
Orange Tofu ,橙豆腐（素）,陈皮豆腐
Rice Pilaf with Mushrooms ,米饭米饭（素）,蘑菇肉饭
Pasta ,面食（素）,面团
Bolognaise Sauce,博洛尼亚酱,番茄肉酱
Sun Dried Tomato Sauce ,太阳番茄酱（素）,番茄干酱
Yellow Cake with Mocha Frosting ,带蜡烛的黄蛋糕（素）,黄色摩卡蛋糕
Mozzarella & Pesto Focaccia Sandwich ,奶酪,意大利干酪加香蒜面包三明治
Broccolli & Cauliflower Quesadilla ,Broccolli,花椰菜炸玉米粉饼
California Coleslaw ,加利福尼亚大肠杆菌（素）,加利福尼亚凉拌卷心菜
Bread Pudding with Whiskey Sauce ,面包布丁用威士忌酱（素）,面包布丁加威士忌酱
Ham & Egg Breakfast Sandwich,火腿,火腿鸡蛋早餐三明治
Chilequilles with Eggs ,带鸡蛋的智利（素）,鸡蛋Chilequilles
Whipped Cream ,鞭打奶油（素）,生奶油
Grilled Ham & Swiss on 100% Wheat,烤火腿,烤火腿加瑞士全麦
Thai Coleslaw Salad ,泰国凉拌卷心菜沙拉,泰式凉拌卷心菜沙拉
Sloppy Joes,邋遢乔,碎牛肉饼
Chicken Burrito,鸡肉卷饼,墨西哥鸡肉卷
White Pizza w/Bacon & Caramelized Onion,白色披萨W培根,培根和焦糖洋葱披萨
Killer Brownie ,杀手布朗尼（w /坚果）,杀手布朗尼蛋糕
Pork Chow Mein,猪肉炒面,猪肉炒面
Meatloaf with Mushroom Gravy,肉饼与蘑菇肉汁,蘑菇肉汁烘肉卷
Crookneck Squash with Herbs ,Crookneck南瓜与草药（素）,香草弯颈南瓜
Mixed Berry Pie,混合浆果馅饼,混合浆果馅饼
Vegetable Enchilada ,植物Enchilada（素）,蔬菜馅炸玉米饼
Cottage Fried Potatoes ,小屋炒土豆（素）,炒土豆
Brussels Sprout Salad w/Date&Apple ,布鲁塞尔芽菜沙拉/日期,孢子甘蓝沙拉
Pasta Salad with Spinach & Feta ,意大利面沙拉菠菜,羊奶酪菠菜意面沙拉
Wrap Bar,包装吧,食物卷
Tortilla Flour Jumbo Tomato 12&quot;,玉米饼面粉,玉米粉番茄
Tortilla Flour Jumbo Spinach 12&quot;,玉米饼大面粉菠菜12,玉米粉菠菜
Oven Roasted Turkey Breast (Deli),烤箱烤火鸡（Deli）,烤火鸡胸肉
Diced Chicken,鸡丁,鸡丁
Tofu,豆腐,豆腐
Jumbo Carrot,巨型胡萝卜,巨型萝卜
Baby Zucchini Squash,婴儿西葫芦南瓜,小南瓜
Cut Corn (Frozen),切玉米（冷冻）,碎玉米（冷冻）
Organic Caesar Dressing,有机凯撒敷料,有机凯撒酱
Veggie Burger ,素食汉堡,素食汉堡
Grilled Swiss & Tomato on WW ,烤瑞士人,瑞士烤番茄
Chocolate Cupcakes ,巧克力蛋糕（素）,巧克力纸杯蛋糕
Coleslaw ,大肠杆菌,卷心菜色拉
Bulgur Salad with Feta and Corn ,麸皮和玉米的保鲜沙拉（素）,干小麦羊奶酪玉米沙拉
Chicken Cacciatora Quarters,鸡Cacciatora季,罐焖鸡肉
Wild Mushroom Turnover ,野生蘑菇小馅饼（素）,野生蘑菇馅饼
Roasted Broccoli ,烤西兰花（素）,烤花椰菜
Asian Chicken Wrap ,亚洲鸡肉卷（w /坚果）,亚洲鸡肉卷
Vietnamese Lettuce Boat w/Beef,越南生菜船牛肉,越南生菜牛肉
Cuban Sandwich,古巴三明治,古巴三明治
Cinnamon Roll ,肉桂卷（素）,肉桂卷
Mediterranian Couscous  ,（w /坚果）（素）,鲈鱼蒸粗麦粉
Thai Peanut Sauce  ,泰式花生酱（w /坚果）（素）,泰式花生酱
Cactus Taco ,仙人掌玉米饼（素）,仙人掌塔克饼
Asian Fish Taco,亚洲鱼饼,亚洲鱼塔克饼
Grilled Jack/Chile & Veg.Sandwich ,烤杰克/智利,智利三明治
Ginger Basmati Rice,生姜大米,姜香米
Oatmeal Raisin Cookie ,燕麦饼干（素）,燕麦葡萄干曲奇
Indian Chicken Curry ,印度鸡肉咖喱（坚果）,印度咖喱鸡
Meatless Tamale Pie ,无肉的玉米饼馅饼（素）,素食玉米馅饼
Sauteed Fresh Cauliflower ,炒花菜（素）,炒新鲜花椰菜
Canadian Cheese Soup ,加拿大奶酪汤（素）,加拿大奶酪汤
Focaccia with Vegetables & Pesto ,Focaccia与蔬菜,蔬菜香蒜橄榄油面包
Cilantro Jalapeno Lime Sauce ,香菜Jalapeno柠檬酱（素）,香菜胡椒柠檬汁
Tofu Stir Fry ,豆腐炒（素）,炒豆腐
Grilled Turkey Pastrami & Jack Sandwich,烤火鸡Pastrami,烤火鸡胸肉加杰克三明治
Green Beans Provencal Salad ,绿豆普罗旺斯沙拉（素）,绿豆普罗旺斯沙拉
Pesto Rolls,香蒜酱卷,香蒜酱卷
Ground Beef and Bean Tostada,地面牛肉和豆Tostada,细牛肉豆炸玉米粉圆饼
Zucchini Cake w/Cr Chz Icing ,西葫芦蛋糕/ Cr Chz Icing（w /坚果）（素）,南瓜饼
Butterscotch Bar  ,奶油酒吧（w /坚果）（素）,奶油糖果
Omelets Made To Order,煎蛋卷订做,定制煎蛋饼
Fresh Cage Free Egg,散养鸡蛋,新鲜的有机鸡蛋
Green Bell Pepper,绿色甜椒,灯笼椒
Chicken Sesame Noodle Salad,鸡芝麻面条沙拉,鸡肉芝麻面条
Chicken Club Sub,鸡俱乐部,鸡肉汉堡
Shrimp Quesadilla,虾Q illa,鲜虾玉米饼
Vegetable Kung Pao  ,宫爆蔬菜（w /坚果）（素）,蔬菜宫保
Roasted Vegetable Panini ,烤蔬菜帕尼尼（素）,烤蔬菜帕尼尼
Cornbread Jalapeno Muffin,玉米饼Jalapeno松饼,墨西哥玉米松饼
Mint Sticks ,薄荷棒（素）,薄荷棒
Lime Bars,石灰酒吧,石灰酒吧
Herb Roasted Chicken,草药烤鸡,香草烤鸡
Polenta with Fresh Herbs & Marinara ,橄榄油与新鲜草药,香草杂菜玉米粥
Mushroom Marinara Sauce ,蘑菇马里纳拉酱（素）,蘑菇番茄大蒜酱
Miniature Marshmallow,微型棉花糖,迷你棉花糖
Bread Poppyseed Cheese Onion ,面包罂粟奶酪洋葱（素）,奶酪洋葱罂粟籽面包
Italian Cream Cake ,意大利奶油蛋糕（有坚果）,意大利奶油蛋糕
Strawberry Cream Coffee Cake ,草莓奶油咖啡蛋糕（w /坚果）,草莓奶油咖啡蛋糕
Quinoa Salad ,藜麦沙拉（素）,藜麦沙拉
Corn Dogs,玉米狗,玉米热狗
Tuna Salad Croissant Sandwich,金枪鱼沙拉羊角面包三明治,金枪鱼沙拉牛角包三明治
Steamed Broccoli/Caulif Flowerettes,蒸西兰花/ Caulif Flowerettes（素）,蒸西兰花/花椰菜
Make Your Own Pizza Line,制作自己的披萨线,DIY 披萨
Pizza Crust,披萨,酥皮披萨
Pizza Sauce ,披萨酱（素）,披萨酱
Pepperoni,意大利辣味香肠,意大利辣香肠
Sliced Natural Swiss ,切自然瑞士（素）,切片芝士
Sesame Beef with Broccoli,芝麻牛肉与西兰花,芝麻酱西蓝花炒牛肉
Vegetable Chop Suey ,炒时蔬（素）,炒时蔬
Herb Marinated Swai Fish,草药腌制Swai鱼,烤Swai鱼排
Lemon Garlic Sauce ,柠檬蒜酱（素）,大蒜柠檬酱
Steamed Zucchini ,蒸西葫芦（素）,西葫芦
Salami Pizza,萨拉米萨披萨,萨拉米香肠披萨
Assorted Bell Pepper Pizza on Wheat ,小麦上的胡椒披萨饼（素）,胡椒小麦披萨
Thai Tom Ka Soup w/Tofu  ,泰国汤姆汤与豆腐（w /坚果）（素）,泰式豆腐汤
Grass Fed Burger,草美食汉堡,美式汉堡
Grilled Cheese on Sourdough ,烤牛肉（S）,烤芝士配酸面包
Whole Wheat Cheese Onion Roll ,全麦干酪洋葱卷（素）,全麦芝士洋葱卷
Flan ,弗兰（素）,蛋奶冻布丁
Zebra Bar  ,斑马吧（w /坚果）（素）,白巧克力威化棒
Balsamic Vinegar,香醋,意式香醋
EVO Olive Oil,EVO橄榄油,橄榄油
Roasted & Salted Pumpkin Seed,烤,盐烤南瓜子
Nicoise Pasta Salad,Nicoise意面沙拉,蔬菜意面沙拉
Greek Eggplant Salad ,希腊茄子沙拉（素）,希腊式茄子沙拉
Chicken & Vegetable Stir Fry,鸡肉蔬菜炒饭,蔬菜炒鸡肉
Stir Fry Vegetables with Tofu ,用豆腐搅拌炒蔬菜,蔬菜炒豆腐
Turkey A La King,火鸡阿拉王,奶油火鸡炖菜
Steamed Whole Baby Carrots ,蒸全胡萝卜（素）,水煮小胡萝卜
Buttered Beets ,黄油甜菜（素）,黄油炖甜菜
Three Bean Pilaf ,三豆饼（素）,三豆饭
Buttered Noodles ,面条（素）,黄油面条
Greens and Beans Soup ,绿豆汤（素）,蔬菜豆子汤
Penne with Chicken and Mushrooms,Penne与鸡和蘑菇,蘑菇鸡肉斜管面
Angel Hair Pasta ,天使头发面食（素）,意式天使细面
Tomato Basil & Garlic Sauce ,番茄罗勒,番茄罗勒大蒜酱
Pecan Pie  ,山核桃饼（w /坚果）（素）,坚果派
Herb Biscuit ,草本饼干（素）,香料饼干
Navel Orange,脐橙,脐橙
Broccoli Cheese Soup ,西兰花芝士汤（素）,西蓝花芝士汤
Turkey Club Wrap,火鸡俱乐部卷,火鸡卷
Hard Shell Chicken Taco,硬壳鸡肉玉米饼,鸡肉玉米卷
Bean and Rice Burrito ,豆和米饭（素）,豆子米饭墨西哥卷
Tomato Salsa ,番茄酱（素）,番茄酱
Vegetable & Jalapeno Pizza on Wheat ,蔬菜,全麦蔬菜披萨
Cheese Ravioli with Marinara ,奶油馄饨与马里纳拉（素）,意式芝士饺子配番茄酱
Wheat Penne Primavera ,小麦Penne Primavera（素）,意式蔬菜斜管面
Grilled Cheddar on Whole Wheat ,全麦烤切丁（素）,全麦切达芝士披萨
Shoestring French Fries ,炸薯条（素）,炸薯条
Crunchy Fruit Salad  ,脆脆水果沙拉（w /坚果）（素）,脆脆水果沙拉
Santa Fe Salad ,圣菲沙拉（素）,圣菲沙拉
Crusty French Bread ,脆皮法国面包（素）,脆皮法式面包
Ginger Cookie ,姜饼（素）,姜饼曲奇
Cheesecake Cookie ,芝士蛋糕饼干（素）,芝士蛋糕曲奇
Green Cabbage,绿色卷心菜,卷心菜
Beef Brisket,牛胸肉,烤牛胸肉
Garlic Mashed Red Potatoes ,大蒜泥土红土豆（素）,大蒜番薯泥
Beef Gravy,牛肉汁,牛肉汁
Garlic Mushroom Turnover ,大蒜蘑菇营业额（素）,大蒜蘑菇酥皮饼
Vegetable Saute ,蔬菜酱,盐炒蔬菜
Beef Nachos,牛肉玉米片,玉米片+牛肉碎
Black Bean & Rice Tostada ,黑豆,黑豆饭玉米饼
Garlic Cream Sauce with Chicken,大蒜奶油酱与鸡,鸡肉佐大蒜奶油酱
Fettuccine Pasta ,Fettuccine面食（素）,意大利宽面
Pesto Sauce ,香蒜酱（素）,罗勒酱
Linguini Pasta ,Linguini意大利面（素）,意大利细面
Three Grain Bread ,三粒面包（素）,杂粮面包
Devilyinhaos Food Cupcake W/Fudge Icing ,Devilyinhaos食品蛋糕W / Fudge Icing（素）,纸杯蛋糕
Cheeseburger,芝士汉堡,芝士汉堡
Black Bean Burger ,黑豆汉堡（素）,黑豆汉堡
Grilled Cheese Sandwich on White ,白色奶酪三明治（素）,烤芝士配面包
Chicken Quesadilla,鸡Quesadilla,墨西哥烤鸡煎饼
Soup,汤,汤
Late Night Salad Bar,深夜沙拉吧,自助沙拉
Brownie w/Icing ,布朗尼（I）（素）,巧克力糖霜布朗尼蛋糕
Arroz con Leche ,阿罗斯・莱切（素）,西班牙牛奶米饭布丁
Huevos Rancheros,墨西哥煎蛋,墨西哥式煎蛋
Blueberry Coffee Cake ,蓝莓咖啡蛋糕（素）,蓝莓咖啡蛋糕
Fair Trade Organic Decaf Corazon Coffee,公平贸易有机脱咖啡因科拉松咖啡,脱咖啡因咖啡
Roasted Sunflower Seed,烤葵花子,烤葵花籽
Tabasco Sauce,塔巴斯科辣椒酱,塔巴斯科辣椒酱
Heirloom Caprese Salad ,传家宝Caprife沙拉（素）,意大利番茄马苏里拉奶酪沙拉
Mandarin Orange Spinach Salad ,中国橙菠菜沙拉（素）,菠菜橘子沙拉
Spirals w/Grill Chicken & S.D.Tom Salad,螺旋与烤鸡,烤鸡螺旋意面沙拉
Canneloni with Tomato Sauce,Canneloni加番茄酱,意式番茄通心面
Chicken Soft Taco,鸡软玉米饼,鸡肉玉米饼
Grilled Veg & Pesto Focaccia Sandwich,烤蔬菜,罗勒酱烤蔬菜三明治
Fresh Spinach ,鲜菠菜（素）,新鲜菠菜
Lentil & Brown Rice Soup ,扁豆,扁豆粳米汤
Ham & Pineapple Pizza,火腿菠萝披萨,火腿菠萝皮萨
Honey Wheat Raisin Roll ,蜂蜜小麦葡萄干卷（素）,蜂蜜葡萄干全麦卷
Vanilla Pudding ,香草布丁（素）,香草布丁
Scotcheroo  ,苏格兰罗根（w坚果）（素）,巧克力ti甜点
Cucumber & Avocado Sushi Roll ,黄瓜,牛油果黄瓜寿司卷
Sliced Turkey Pastrami,火鸡片Pastrami,烟熏火鸡片
Radish,萝卜,萝卜
Salisbury Steak with Barbecue Sauce,索尔兹伯里牛排配烧烤酱,索尔兹伯里牛肉饼配烧烤酱
Cashew Chicken ,腰果鸡（w /坚果）,腰果炒鸡丁
Jasmine Rice ,茉莉花,泰式茉香米
Quiche Swiss Chard & Herb ,Quiche瑞士Chard,瑞士香料乳蛋饼
Garlic Mashed Potatoes ,大蒜土豆泥（素）,大蒜土豆泥
Sauteed Winter Greens ,嫩油冬青（素）,盐炒冬青
Peas & Carrots ,豆和胡萝卜,豌豆炒胡萝卜
Chicken Gumbo Soup,秋葵雏鸡汤,鸡肉杂烩汤
Turkey Sausage Marinara Sauce,火鸡香肠马里纳拉酱,番茄火鸡香肠酱
White Wine & Vegetable Cream Sauce ,白酒,白葡萄酒奶油蔬菜酱
Fusilli Pasta ,Fusilli面食（素）,螺旋意面
Small Pasta Shells ,小面食壳（素）,贝壳意面
Macaroni & Cheese Bar,通心粉,芝士h通心粉
Macaroni & Cheese ,通心粉,芝士h通心粉
Pico De Gallo ,皮科德・加洛（素）,墨西哥式碎番茄粒酱
Baby Spinach,婴儿菠菜,嫩菠菜
Sun-Dried Tomato Bread ,太阳番茄面包（素）,番茄干面包
Salmon Sushi Roll,三文鱼寿司卷,三文鱼寿司卷
zCrunchy Fruit Salad  ,zcrunchy水果沙拉（w /坚果）（素）,水果坚果沙拉
Egg Drop Soup,蛋花汤,蛋花汤
Breakfast Casserole,早餐砂锅,早餐乱炖
Banana Pancakes ,香蕉薄煎饼（素）,薄煎饼配香蕉
Fresh Hash Browns ,新鲜的哈希布朗（素）,炸薯饼
Mushroom & Cheese Omelet ,蘑菇,芝士蘑菇煎蛋卷
Plain Omelet ,平煎蛋卷（素）,煎蛋卷
Sliced Mushrooms ,切菇（素）,切片蘑菇
Bagels-Breads & Cereals-See for Choices,百吉饼面包,百吉饼面包和多种类早餐麦片
Pumpkin Bread  ,南瓜面包（w /坚果）（素）,南瓜面包
Caramel Nut Roll  ,焦糖坚果卷（w /坚果）（素）,焦糖坚果卷
Organic Breakfast Blend Tea,有机早餐混合茶,早餐茶
Chicken Salad Croissant Sandwich,鸡肉沙拉羊角面包三明治,鸡肉沙拉羊角面包三明治
Bacon Cheeseburger,培根芝士汉堡,培根芝士汉堡
Chicken Chimichangas,鸡Chimichangas,鸡肉墨西哥炸卷饼
Potato Chips ,土豆片（素）,土豆片
Bacon and Cheese Omelet,培根和奶酪煎蛋卷,培根和奶酪煎蛋卷
Beef Soft Tacos,牛肉软玉米饼,墨西哥牛肉卷
Cheese Pizza on White ,白色芝士披萨（素）,白色芝士披萨
Sweet and Sour Pork,甜酸猪肉,酸甜猪肉
Spinach & Feta Turnover ,菠菜,菠菜与羊乳酪
White Wine Sauce & Vegetables ,白葡萄酒酱,白葡萄酒酱与蔬菜
Beet Orange & Fennel Salad ,甜菜橙,甜菜橙与茴香沙拉
Vegetable Corn Taco ,蔬菜玉米饼（素）,蔬菜玉米饼
Ham and Cheese Crepes,火腿和奶酪绉纱,火腿和奶酪绉纱
Danish Pastry  ,丹麦糕点（w /坚果）（素）,丹麦甜糕饼（带坚果）
Citrus Caprese Salad ,柑橘酱沙拉（素）,柑橘意大利番茄沙拉
Sloppy Joe Sandwich,Sloppy Joe三明治,炒牛肉酱三明治
Harissa Lentils w/Pickled Onion ,哈里萨扁豆w /腌洋葱（素）,哈里萨扁豆（带腌洋葱）
Garlic Naan Bread ,蒜蓉面包（素）,蒜蓉面包
Orange Pickled Carrot Coins ,橙腌胡萝卜硬币（素）,橙汁胡萝卜
Beef Pho,牛肉蛋糕,牛肉越南粉
Sausage Biscuit w/Cheese and Egg,香肠饼干，奶酪和鸡蛋,香肠烤饼（带芝士鸡蛋）
Green Chile & Cheese Tamale ,绿色智利,青辣椒和奶酪塔麦酒
Kale with Fresh Garlic ,甘蓝与新鲜大蒜（素）,甘蓝和鲜大蒜
Chipotle Bean Burger ,Chipotle Bean Burger（素）,尖椒豆汉堡
Soup Roasted Tomato ,汤烤番茄（素）,烤番茄汤
Pasta Shells Florentine ,意大利面贝壳佛罗伦萨（素）,糊壳弗洛伦萨
Lemon Poppyseed Muffin ,柠檬罂粟松饼（素）,柠檬罂粟籽松饼
BLT on Wheat,小麦BLT,BLT小麦
Chicken Chile Verde Tostada,鸡智利Verde Tostada,智利烤鸡玉米饼
Tomato Quesadilla ,番茄酱（素）,番茄酱
Pesto Sauce  ,番茄酱（w /坚果）（素）,番茄酱加坚果
Vanilla Cheesecake ,香草芝士蛋糕（素）,香草芝士蛋糕
Rigatoni Mozzerella ,Rigatoni Mozzerella（素）,肋状通心粉
Moorish Pork Chops,摩尔人排骨,摩尔猪排
Moroccan Lemon Carrots ,摩洛哥柠檬胡萝卜（素）,摩洛哥柠檬胡萝卜
Miso Broth with Spinach ,米糠肉汤（素）,米糠肉汤
Fried Egg & Ham Sandwich,煎鸡蛋,煎鸡蛋和火腿三明治
Chinese BBQ Pork,中国烧烤猪肉,中国烧烤猪肉
Grilled Turkey & Jack on Wheat,烤火鸡,烤火鸡和小麦
Cucumbers With Tarragon Salad ,黄瓜与塔拉戈拉沙拉（素）,黄瓜与塔拉戈拉沙拉
Oatmeal Lace Cookie ,燕麦饼干（素）,燕麦饼干
Grilled Chicken Quarters,烤鸡舍,烤鸡舍
Lasagna,烤宽面条,卤汁面条
Fresh Fish Sandwich on Potato Bun,鲜鱼三明治马铃薯饼,土豆包鲜鱼三明治
Pao De Quejo ,宝德奎jo（素）,
Smoked Chicken Chipotle Quarters,烟熏鸡肉馅饼店,烟熏鸡肉馅饼块
French Onion Soup with Croutons,法国洋葱汤与小吃,法式洋葱汤与烤面包块
Calamari/Scallop & Mung Noodle Salad,鱿鱼/扇贝,鱿鱼／扇贝
Thai Curry Vegetables ,泰国咖喱蔬菜（素）,泰国咖喱蔬菜
Turkey Club Sandwich,火鸡俱乐部三明治,火鸡三明治
Antipasta Pizza,开胃披萨,开胃披萨
Vegetarian Taco Pizza on Wheat ,素食玉米饼小麦披萨（素）,素小麦玉米饼披萨
Beef Fajitas,牛肉春饼,牛肉春饼
Fresh Carrots with Tarragon ,新鲜胡萝卜与塔拉贡（素）,鲜胡萝卜和塔拉贡
Open Faced Chicken Salad on Bagel,打开面包鸡肉沙拉百吉饼,百吉饼与开面鸡肉沙拉
Wheat Pasta w/Fresh Tom/Basil/Garlic,小麦面食w /新鲜汤姆/罗勒/大蒜（素,小麦面食w /新鲜汤姆/罗勒/大蒜
Chocolate Macaroon ,巧克力麦克龙（素）,巧克力马卡龙
Grilled Chicken Breast,烤鸡胸肉,烤鸡胸肉
Fresh Lemon Cake ,新鲜柠檬蛋糕（素）,新鲜柠檬蛋糕
Raspberry Swirl Coffee Cake ,覆盆子漩涡咖啡蛋糕（w /坚果）（素,覆盆子漩涡咖啡蛋糕（带坚果）
Chicken Salad Pita,鸡肉沙拉皮塔,鸡肉沙拉皮塔饼
Spicy Lemon Peanut Sauce ,辣柠檬花生酱（有坚果）,辣柠檬花生酱（带坚果）
Beef Empanada,牛肉Empanada,牛肉馅卷饼
Dilled Vegetable Barley Soup ,莳萝蔬菜大麦汤（素）,莳萝蔬菜大麦汤
Japanese Noodle Salad ,日式面条沙拉（素）,日式面条沙拉
Grilled Tilapia,烤罗非鱼,烤罗非鱼
Al Forno Salami and Ham Pizza,Al Forno萨拉米茄和火腿披萨,阿尔弗美萨拉米和火腿披萨
Grilled Herb Marinated Chicken Sandwich,烤草药腌制鸡肉三明治,烤香草鸡肉三明治
Barley Vegetable Soup ,大麦蔬菜汤（素）,大麦蔬菜汤
Whole Baby Carrots ,整个小胡萝卜（素）,小胡萝卜
Marble Cake w/Chocolate Icing ,大理石蛋糕w /巧克力冰（素）,大理石蛋糕（带巧克力糖霜）
Catfish Poyinhao Boy Sandwich,鲶鱼Poyinhao男孩三明治,鲶鱼三明治
Harissa Chicken/Bulgur/Apricot Salad,哈里萨鸡肉/保鲜/杏子沙拉,哈里鸡肉／布格麦／杏子沙拉
Miso Glazed Swai Fish,味噌釉面Swai鱼,味噌Swai鱼面
Thai Sweet Chili Sauce ,泰国甜辣酱（素）,泰国甜辣酱
Tomato Basil Pizza on Wheat,番茄罗勒披萨小麦,番茄罗勒披萨（带小麦）
Roasted Butternut Squash Soup ,烤胡桃南瓜汤（素）,烤胡桃南瓜汤
Everything Flatbread Naan ,一切平底锅Naan（素）,混合馅馕
Carrot Cupcakes  ,胡萝卜蛋糕（w /坚果）（素）,胡萝卜蛋糕（带坚果）
Blintzes ,Blintzes（素）,薄饼
Herb Marinated Rotisserie Chicken,草药腌制烤肉鸡,香草腌制烤鸡
Beef Gumbo,牛肉Gumbo,牛肉浓汤
Cornbread Dressing,面包调料汁,面包调料汁
Croissant ,牛角面包（素）,牛角面包
Pepperoni Calzone,辣椒Calzone,意大利辣香肠
Sesame Chicken w/Asian Vegetables,芝麻鸡/亚洲蔬菜,芝麻鸡和亚洲蔬菜
Stir Fry Veg w/Thai Swt Chili Sauce,搅拌炒肉/泰国Swt辣椒酱（素）,炒蔬菜和泰国Swt辣椒酱
Grilled Turkey Pastrami & Swiss Sandwich,烤火鸡Pastrami,烤火鸡三明治和瑞士三明治
Asian Slaw ,亚洲档（素）,亚洲卷心菜沙拉
Sour Cream & Chive Roll ,酸奶油,酸奶油和韭菜卷
Potato Gorda with Corn ,马铃薯戈达与玉米（素）,马铃薯戈达和玉米
Honey Lime Barbecue Chicken,蜂蜜柠檬烧鸡,蜂蜜柠檬烧鸡
Tomato and Roasted Garlic Sauce ,番茄和烤蒜酱（素）,番茄和烤蒜酱
Farfalle w/Grilled Vegetables ,Farfalle w /烤蔬菜（素）,蝴蝶面与烤蔬菜
Steamed Broccoli and Cauliflower ,西兰花和花椰菜（素）,西兰花和花椰菜
Oatmeal Craisin Cookie ,燕麦饼干饼干（素）,燕麦饼干
Asian Stir Fry Vegetables ,亚洲炒菜（素）,亚洲炒菜
Quesadilla w/ Rstd Poblano Chiles ,Quesadilla w / Rstd Poblano Chiles（素）,
Grilled Turkey Sandwich Swiss/Wheat,烤火鸡三明治瑞士/小麦,瑞士烤火鸡三明治／小麦
Devils Food Cupcake w/CrmCheese Icing,恶魔食品蛋糕w / CrmCheese结冰（素）,魔鬼食品蛋糕（带奶油干酪糖冰）
Vegetable Barley Soup ,蔬菜大麦汤（素）,蔬菜大麦汤
Fruit Cheer ,水果欢呼（素）,水果
Scrambled Eggs with Bacon &Cheese,炒鸡蛋与培根,炒鸡蛋加培根和奶酪
Butter Lettuce wtih Stone Fruit Salad,黄油莴苣石质水果沙拉（素）,黄油莴苣石质水果沙拉
Grilled Vegetable Wrap ,烤蔬菜卷（素）,烤蔬菜卷
Roast Beef With Garlic,烤牛肉与大蒜,蒜烤牛肉
Balsamic Chicken Breast,香脂鸡胸肉,香脂鸡胸肉
Harvest Grain Bowl ,收获谷物碗（素）,粗粮碗
Grilled Lemon Herb Pork Chop,烤柠檬草药猪排,烤柠檬香草猪排
Rice Krispie Treat,米饭Krispie对待,西式米花糖
Hunan Noodles with Spicy Pork Sauce,湖南面条辣猪肉酱,湖南面条浇辣猪肉酱
Steamed Broccoli ,西兰花（素）,蒸西兰花
Baked Pesto Pasta w/Chicken,烤Pesto面食w /鸡,烤意面和鸡
Chicken Filet Sandwich,鸡爪羹三明治,鸡爪羹三明治
Black and White Killer Brownie ,黑白杀手布朗妮（素）,黑白杀手布朗尼蛋糕
Grilled Ono Fish,烤小鱼,烤小鱼
Chermoula Sauce ,Chermoula酱（素）,Chermoula 酱
Roasted Cauliflower with Cumin ,孜然烤花菜（素）,孜然烤花菜
California Club Roll,加州俱乐部卷,加州俱乐部卷
zFlan ,zFlan（素）,布丁
Lettuce/Cheese/Tomatoes ,生菜/芝士/西红柿（素）,生菜/芝士/番茄
Heavy Mayonnaise,重蛋黄酱,浓蛋黄酱
Tomatillo Salsa ,汤姆蒂略莎莎（素）,绿番茄酱
Grilled Cheese and Tomato Sandwich ,烤奶酪和番茄三明治（素）,烤番茄芝士三明治
Gumbo Soup ,汤姆汤,秋葵汤
Whole Wheat Sunflower Roll  ,全麦向日葵卷（w /坚果）（素）,全麦葵花籽卷（含坚果）
Chai Spice Sugar Cookie ,柴香糖饼干（素）,印度香茶甜饼干
Cocoa Rice Krispie Treat ,可可米饭Krispie处理（w /坚果）,脆皮可可饭（含坚果）
Minted Couscous Salad w/Butternut ,薄荷色沙拉配胡萝卜（素）,薄荷古斯古斯面沙拉（含白胡桃）
Grilled Pork Chops,烤猪排,烤猪排
Greek Orzo w/ Feta/Tomato & Spinach ,希腊Orzo w / Feta /番茄,希式粒粒面（含羊乳酪/番茄和菠菜）
Scalloped Potatoes ,扇形土豆（素）,h烤土豆
Oven Roasted Tomato ,烤箱烤番茄（素）,烤番茄
Swiss Chard with Fresh Garlic ,瑞士沙拉与新鲜大蒜（素）,鲜蒜拌唐莴苣
Quesadilla Line,Quesadilla线,煎薄饼
Beef Quesadilla,牛肉酱,牛肉薄饼
Cheese Quesadilla with Chiles ,奶酪芝士（C）,辣芝士薄饼
Salsa ,莎莎（素）,莎莎酱
Bean & Barley Soup ,豆,豆子薏仁汤
Pound Cake ,磅蛋糕（素）,重油蛋糕
Strawberry Muffin ,草莓松饼（素）,草莓松糕
Chinese Broccoli Salad ,中国西兰花沙拉（素）,中式西蓝花沙拉
Tossed Antipasta Salad,T ed的开胃沙拉,开胃油拌沙拉
Lemon Ginger Turkey Stir Fry,柠檬姜火鸡搅拌炒,快炒柠檬姜味火鸡
Thai Sweet Chili Sauce ,泰国甜辣酱（素）,泰式甜辣酱
Chicken Club Wrap,鸡俱乐部包裹,鸡肉卷
Roasted Garlic Onion & Pepper Pizza ,烤大蒜洋葱,香烤黑胡椒大蒜洋葱披萨
Classic French Onion Soup with Croutons,经典法国洋葱汤与小吃,经典法式洋葱汤和炸面包丁
Corn Quesadilla ,玉米柚子（素）,玉米薄饼
Cocoa Rice Krispie Treats Bar ,可可米饭Krispie对待酒吧（w /坚果）,脆皮可可小米糖（含坚果）
Garlic Roll ,大蒜卷（素）,大蒜卷
Jelly Bar Spritz ,果冻酒吧Spritz（素）,杯装果冻
Lowfat Cottage Cheese,Lowfat小屋奶酪,低脂白干酪
Ground Beef Fajita,地牛肉Fajita,墨西哥牛肉铁板烧
Herb Roasted Rotisserie Chicken,草本烤罗盘鸡,香草烧鸡
Potato Gorda ,土豆戈达（素）,炸土豆块
Chili Black Bean ,辣椒黑豆（素）,辣椒黑豆
Turkey Rice Soup,火鸡米汤,火鸡米饭汤
Spaghetti Pasta ,意面面条（素）,意大利面
Meat Sauce,肉酱,肉酱
Fresh Tomato Basil Garlic Pasta ,新鲜番茄罗勒蒜面食（素）,蒜香番茄丁香意面
Focaccia Bread ,Focaccia面包（素）,意式佛卡夏面包
Shredded Cheddar Cheese,切碎的切达干酪,碎切达干酪
Tortilla Soup ,玉米饼汤,玉米面汤
Macaroni & Cheese w/ Bacon & Jalapeno,通心粉,奶酪通心粉（含培根和墨西哥胡椒）
Fresh Carrot & Broccoli Mix ,新鲜胡萝卜,鲜拌胡萝卜西蓝花
Italian Fish Taco,意大利鱼饼,意式鱼肉卷饼
Tacos De Crema ,Tacos De Crema（素）,奶油玉米饼
Yellow Rice ,黄米（素）,黄米
Chicken Florentine Pizza w/White Sauce,鸡肉佛罗伦萨披萨w白色酱汁,佛罗伦萨鸡肉披萨（含牛奶沙司）
Teriyaki Beef Rice Bowl,Teriyaki牛肉饭碗,照烧牛肉饭
Ma Po Tofu ,马宝豆腐（五）,麻婆豆腐
Strawberry Farro Salad ,草莓法拉沙拉（素）,法老小麦草莓沙拉
Marinated Mushroom Salad ,腌制蘑菇沙拉（素）,腌蘑菇沙拉
Yeast Roll ,酵母卷（素）,酵母卷
Pecan Pie Bar  ,山核桃饼棒（w /坚果）（素）,山核桃饼（含坚果）
Macaroon ,马卡隆（素）,马卡龙
Turkey Breast,火鸡胸,火鸡胸肉
Fresh Whipped Potatoes ,新鲜鞭打马铃薯（素）,土豆泥
Herb Bread Stuffing,草本面包馅,香草面包馅
Potato Taquito ,土豆Taquito（素）,土豆卷饼
Sweet & Sour Chicken,酸甜鸡,酸甜鸡
Sourdough Whole Wheat Bread ,全麦面包（素）,全麦酸面包
Fresh Orange Cake ,新鲜橙蛋糕（素）,鲜橙蛋糕
Local Unfiltered Honey,本地未过滤蜂蜜,当地产纯蜂蜜
Turkey Corn Dog,火鸡玉米狗,火鸡玉米肠
Blueberry Blintz,蓝莓Blintz,蓝莓薄饼
Strawberry Turnover ,草莓营业额（素）,草莓馅饼
Meatballs with Sauce,肉丸与酱汁,酱汁肉丸
Risotto With Fresh Vegetables ,新鲜蔬菜烩饭（素）,蔬菜烩饭
Chicken Alfredo Panini,鸡Alfredo帕尼尼,鸡肉芝士帕尼尼
Rice Krispy Treat ,米糠治疗（素）,香脆米
Tempura Onion Sushi Roll ,天妇罗洋葱寿司卷（素）,洋葱天妇罗寿司
Granny Smith Apple,老奶奶史密斯苹果,青苹果
Medium Cheddar Cheese,中等切达干酪,车达干酪
Pork Loin Roast With Garlic and Ginger,猪肉烤大蒜和姜,姜蒜烤猪排
Herb Polenta with Mushroom Ragout ,草药豆腐与蘑菇Ragout（素）,蘑菇烩香草玉米粥
Seasoned Sweet Potato Halves ,调味甜薯（素）,调味红薯块
Marinara Sauce with Meat,马里纳拉酱肉,番茄肉酱
Garlic Cream Sauce ,大蒜奶油酱（素）,蒜泥奶油酱
Taco Bar,薄饼卷酒吧,墨西哥卷饼
Spiced Ground Beef,五香地牛肉,五香牛肉
Iceberg Lettuce,冰山莴苣,生菜
Tomato 6x6x3,番茄6x6x3,番茄
Chocolate Mousse Pie ,巧克力慕斯派（素）,巧克力慕斯派
Spicy Shrimp Sushi Roll,辣虾寿司卷,辣虾寿司
13 Grain Hot Cereal ,13谷物热谷物,谷物燕麦粥
Chilequilles ,智利（素）,咸玉米片
Diced Green Bell Pepper ,丁香绿胡椒（素）,绿铃椒块
Blueberry Bread ,蓝莓面包（素）,蓝莓面包
Cranberry Orange Muffin ,蔓越莓橙色松饼（素）,鲜橙蔓越莓松糕
Spicy Watermelon Salad ,辣西瓜沙拉（素）,辣西瓜沙拉
Couscous Salad with Grilled Veggies,烤蔬菜沙拉（素）,烤蔬菜古斯米沙拉
Thai Style Chicken Drumstick,泰式鸡鼓,泰式鸡腿
Ginger Sesame Tofu ,姜芝麻豆腐,姜汁麻油豆腐
zLo Mein Noodles ,zLo Mein面条（素）,炒面
Fish Taco Line,鱼塔科线,鱼肉卷饼
Tortilla Corn Mini,玉米饼玉米粉,迷你玉米饼
Grilled Fish,烤鱼,烤鱼
Oil Cured Black Olive,油橄榄黑橄榄,过油黑橄榄
Lime,青柠,青柠
Roasted Tomato Salsa ,烤番茄酱（素）,烤番茄酱
Turkey Melt,火鸡熔化,火鸡芝士三明治
Natural Cut French Fries ,天然切薯条（素）,天然法式炸薯条
Tomato Basil Bisque ,番茄罗斯比斯克（素）,番茄罗勒浓汤
Quinoa ,藜（素）,藜麦
Poppyseed Roll ,罂粟卷（素）,罂粟面包卷
Cappuccino Biscotti  ,卡布奇诺比斯科蒂（w /坚果）（素）,卡布奇诺饼干（含坚果）
Corn Tortilla,玉米玉米饼,玉米饼
Vegetable and Black Bean Burrito ,蔬菜和黑豆胡椒（素）,蔬菜黑豆卷饼
Corn with Red Peppers ,红辣椒玉米（素）,红辣椒玉米
Smoked Chicken,zSmoked鸡,烟熏鸡肉
Oven Browned Potatoes ,烤箱褐色土豆（素）,烤土豆
Fresh Corn on the Cob ,新鲜的玉米在Cob（素）,玉米粒
Homemade Baked Beans (lf),自制烤豆（lf）,自制甜豆
Tres Leches Cake ,Tres Leches蛋糕（素）,墨西哥三奶蛋糕
Croisant with Ham & Cheese,与火腿交战,火腿芝士牛角包
Walnut Cinnamon Coffee Cake ,核桃肉桂咖啡蛋糕（w /坚果）,核桃肉桂咖啡蛋糕（含坚果）
Three Bean Salad ,三豆沙拉（素）,三豆沙拉
Confetti Pasta Salad,纸屑意大利面沙拉,开胃通心粉沙拉
Thai Curry Tofu and Vegetables ,泰国咖喱豆腐和蔬菜（素）,泰国咖喱豆腐蔬菜
Marinara Primavera Sauce ,Marinara Primavera酱（素）,意大利红酱炖菜酱
Chili Bar,辣椒酒吧,辣椒台
Egg Noodles ,蛋面（素）,鸡蛋面
Corn Chip,玉米片,玉米片
Rosemary Bread ,迷迭香面包（素）,迷迭香面包
Chocolate Mint Cake ,巧克力薄荷蛋糕（素）,巧克力薄荷蛋糕
Sausage Links,香肠链接,香肠串
Fair Trade Organic Utopian Coffee,公平贸易有机乌托邦咖啡,Utopian有机咖啡
Half & Half,半,half&half 牛奶
Mandarin Orange Spinach Salad ,普通话橙汁菠菜沙拉（素）,芦柑菠菜沙拉
Asian Chicken and Orzo Salad ,亚洲鸡肉和Orzo沙拉（有坚果）,鸡肉米粒沙拉
Philly Chicken Sandwich,费城鸡三明治,费城鸡肉三明治
Fresh Mashed Potatoes ,新鲜土豆泥（素）,新鲜土豆泥
Gravy,肉汁,肉汁
Brussel Sprouts ,Brussel Sprouts（素）,抱子甘蓝
Mexican Line,墨西哥线,墨西哥米线
Flour Tortilla,面粉玉米饼,面粉玉米饼
zSpanish Rice ,西班牙米,西班牙米饭
Swiss Chard & Lentil Soup ,瑞士甜菜,瑞士甜菜
Graham Roll ,格拉姆・沃尔（素）,全麦卷饼
Hawaiian Pizza,夏威夷披萨,夏威夷披萨
Jambalaya,什锦饭,什锦饭
Best Ever Seafood Gumbo,最佳海鲜秋葵,海鲜秋葵
Herb Focaccia Bread ,草药Focaccia面包（素）,弗卡夏面包
Italian Chunk Salad ,意大利块沙拉（素）,意大利沙拉
Egg Salad,蛋沙拉,鸡蛋沙拉
Smoked Mozzarella ,烟熏无盐干酪（素）,烟熏无盐干酪
Vietnamese Pork Banh Mi,越南猪肉班,越南三明治
Dirty Rice ,脏饭（素）,鸡杂饭
Potato Chip,薯片,薯条
Sausage Olive Pizza,香肠橄榄披萨,香肠橄榄披萨
Vegetable Pizza on Wheat ,小麦上的蔬菜薄饼（素）,小麦蔬菜薄饼
Alfalfa Sprout,苜蓿芽,苜蓿芽
Soy Edamame Bean,大豆豆豆,日本毛豆
Pork Stir Fry with Veggies,猪肉炒蔬菜,猪肉炒蔬菜
Pastitsio,Pastitsio,烤通心粉
Tortilla Soup,玉米饼汤,薄饼汤
Stir Fry Pork with Vegetables,搅拌炒蔬菜,猪肉炒蔬菜
Greek Pita Sandwich ,希腊皮塔三明治（素）,希腊皮塔三明治
BBQ Chicken Quesadilla,烧烤鸡Quesadilla,烤鸡玉米饼
Grilled Vegetable Tostada ,烤蔬菜Tostada（素）,蔬菜玉米粉圆饼
Bacon Tomato Basil Pizza,培根番茄罗勒披萨,培根番茄罗勒披萨
Three Cheese Pizza on Wheat Crust ,小麦壳上的三个芝士披萨（素）,小麦芝士披萨
Creamy Bolognese Sauce,奶油博洛涅塞酱,番茄肉酱
Grilled Ham & Swiss on Wheat,烤火腿,火腿芝士全麦面包
Kale Salad w/Cranberries  ,甘蓝沙拉含蔓越莓（w /坚果）（素）,蔓越莓甘蓝沙拉
White Cupcake with Buttercream Icing ,白色蛋糕与奶油酸冰（素）,白奶酪蛋糕
Tomato Basil Soup ,番茄罗勒汤（素）,番茄罗勒汤
Broccoli Main Dish ,西兰花主菜（素）,炒西兰花
Steamed Carrot/Corn/Peas ,蒸胡萝卜/玉米/豌豆（素）,蒸胡萝卜/玉米/豌豆
Vegetable Fried Rice ,蔬菜炒饭（素）,蔬菜炒饭
Cream Cheese Strudel ,奶油奶酪（素）,奶油干酪点心
Toll House Bar ,收费酒吧（素）,碎巧克力台
Chocolate Cherry Bread ,巧克力樱桃面包（素）,巧克力樱桃面包
Caponata Salad ,Caponata沙拉（素）,什锦蔬菜沙拉
Chicken Curry Pasta Salad ,鸡肉咖喱面食沙拉（有坚果）,鸡肉咖喱意面沙拉
Spicy Chicken Philly Cheese Steak Sand,辣鸡费城干酪牛排砂,辣鸡费城牛排包
Homemade Fish & Chips,自制鱼,炸鱼薯条
Mediterranean Style Marinara ,地中海风格Marinara（素）,地中海式沙司
Cornmeal Roll ,玉米卷（素）,玉米卷
Lemon Bars ,柠檬酒吧（素）,柠檬
Chocolate Peanut Butter Cake ,巧克力花生酱蛋糕（w /坚果）,巧克力花生酱蛋糕
Sandwiches Grilled To Order,烤三明治订购,定制三明治
Buttermilk Fried Chicken,酪炸鸡,乳酪炸鸡
Spiral Cut Ham,螺旋切割火腿,螺旋火腿
Manicotti with Marinara Sauce ,Manicotti与Marinara酱（素）,肉汁意面
Vanilla Cake with Strawberry Icing ,香草蛋糕与草莓冰（素）,草莓糖霜香草蛋糕
Spicy Tuna Roll,辣金枪鱼卷,辣金枪鱼寿司
Chicken Congee,鸡肉粥,鸡肉粥
Bacon/Mushroom & Cheese Omelet,培根/蘑菇,培根蘑菇鸡蛋卷
Apple Oat Coffee Cake ,苹果燕麦咖啡蛋糕（素）,苹果燕麦咖啡蛋糕
Cucumber Salad (Gurkensalat) ,黄瓜沙拉（Gurkensalat）（素）,黄瓜沙拉
Vindaloo Chicken,Vindaloo鸡,咖喱鸡
Indian Lentils w/Swt Potato  ,印度扁豆w / Swt马铃薯（w /坚果（素）,印度扁豆甜马铃薯
Pasta Rigatoni (lf) ,意大利面Rigatoni（lf）（素）,肋状通心粉
Reuben Sandwich,Reuben三明治,咸牛肉干酪三明治
Cream of Spinach Soup ,菠菜汤奶油（素）,奶油菠菜汤
Pasta of the Day ,意大利面（素）,意大利面
Strawberry Spinach Salad  ,草莓菠菜沙拉（w /坚果）（素）,草莓蔬菜坚果沙拉
Teriyaki Chicken w/Pineapple,Teriyaki鸡肉/菠萝,菠萝照烧鸡肉饭
Vegetable Lasagna w/White Sauce ,蔬菜烤宽面条（白色）（素）,蔬菜烤宽面条
Penne Pasta w/Pesto ,通心粉/ Pesto（素）,香蒜沙司通心粉
Breakfast Line,早餐线,早餐米线
Maple Syrup,枫糖浆,枫糖浆
Turkey Club Panini,火鸡巴尼尼俱乐部,火鸡帕帕尼
Potato Ham Chowder,土豆火腿杂烩,土豆火腿杂烩
Cheese Roll ,奶酪卷（素）,奶酪卷
Confetti Cake w/ Buttercream,五彩纸屑蛋糕w / Buttercream,奶油乳酪蛋糕
Strawberry Salad w/Poppyseed Dressing ,草莓沙拉w / Poppyseed Dressing,草莓沙拉
Cage Free Scrambled Eggs w/ Chicken,炒鸡蛋/鸡,炒鸡蛋
Morning Glory Muffins  ,牵牛花松饼（w /坚果）（素）,空心菜松饼
Chicken Caesar Salad,鸡肉凯撒沙拉,鸡肉凯撒沙拉
Lamb Greek Gyro,羔羊希腊陀螺,希腊羊肉三明治
Cucumber Tzatziki ,黄瓜Tzatziki（素）,干奶黄瓜
Eggplant Parmigiano ,茄子Parmigiano（素）,帕尔马干酪茄子
Pasta Pronto ,面食Pronto（素）,意大利面
Three Cheese Pizza on Wheat ,小麦上的三个芝士披萨（素）,全麦至尊披萨
Beef Noodle Soup,牛肉面汤,牛肉面汤
Quesadilla w/Roasted Chiles ,Quesadilla w /烤雪橇（素）,油炸玉米干酪饼
Baklava  ,巴克拉瓦（w /坚果）（素）,果仁蜜饼
Confetti Cake ,五彩纸屑蛋糕（五）,糖果蛋糕
Olive/Canola Oil Blend,橄榄/油菜籽油混合,菜籽油拌橄榄
Arugula Salad with Goat Cheese ,芝士奶酪芝麻菜沙拉（素）,芝士奶酪芝麻菜沙拉
Smoked Salmon Pasta,熏三文鱼面食,熏三文鱼意面
Polenta with Vegetables ,蔬菜用麦片（素）,蔬菜杂粮粥
Peas with Onions ,豌豆与洋葱（素）,豌豆炒洋葱
Fettucine Carolina ,Fettucine Carolina（素）,黄油酱汁面条
Very Chocolate Cake ,非常巧克力蛋糕（素）,巧克力蛋糕
Grilled Vegetable Wrap ,烤蔬菜卷（素）,蔬菜卷
Chicken Enchiladas In Green Sauce,绿色酱汁鸡肉酱,墨西哥辣椒乳酪鸡肉卷饼
Buffalo Chicken Pizza,布法罗鸡肉披萨,布法罗鸡肉披萨
Vegetable & Jalapeno Pizza ,蔬菜,墨西哥胡椒蔬菜披萨
Chicken w/Thai Peanut Sauce ,鸡肉/泰国花生酱（w /坚果）,泰国花生酱鸡
Wild Rice Garden Salad ,野菜大米沙拉（素）,野生稻米田园沙拉
Pasta Salad w Ginger/Green Onion ,面食沙拉w姜/洋葱（素）,洋葱/生姜意面沙拉
Chocolate Chocolate Chip Cookie ,巧克力巧克力饼干（素）,巧克力饼干
Lemon Cookie ,柠檬饼干（素）,柠檬饼干
Pasta Fazool Soup ,意大利面食汤（素）,意大利面食汤
Teriyaki Chicken w/Pineapple,Teriyaki鸡肉/菠萝,菠萝照烧鸡肉饭
Vegetable Lasagna w/White Sauce ,蔬菜烤宽面条（白色）（素）,蔬菜烤宽面条
Penne Pasta w/Pesto ,通心粉/ Pesto（素）,香蒜沙司通心粉
Breakfast Line,早餐线,早餐米线
Maple Syrup,枫糖浆,枫糖浆
Turkey Club Panini,火鸡巴尼尼俱乐部,火鸡帕帕尼
Potato Ham Chowder,土豆火腿杂烩,土豆火腿杂烩
Cheese Roll ,奶酪卷（素）,奶酪卷
Confetti Cake w/ Buttercream,五彩纸屑蛋糕w / Buttercream,奶油乳酪蛋糕
Strawberry Salad w/Poppyseed Dressing ,草莓沙拉w / Poppyseed Dressing,草莓沙拉
Cage Free Scrambled Eggs w/ Chicken,炒鸡蛋/鸡,炒鸡蛋
Morning Glory Muffins  ,牵牛花松饼（w /坚果）（素）,空心菜松饼
Chicken Caesar Salad,鸡肉凯撒沙拉,鸡肉凯撒沙拉
Lamb Greek Gyro,羔羊希腊陀螺,希腊羊肉三明治
Cucumber Tzatziki ,黄瓜Tzatziki（素）,干奶黄瓜
Eggplant Parmigiano ,茄子Parmigiano（素）,帕尔马干酪茄子
Pasta Pronto ,面食Pronto（素）,意大利面
Three Cheese Pizza on Wheat ,小麦上的三个芝士披萨（素）,全麦至尊披萨
Beef Noodle Soup,牛肉面汤,牛肉面汤
Quesadilla w/Roasted Chiles ,Quesadilla w /烤雪橇（素）,油炸玉米干酪饼
Baklava  ,巴克拉瓦（w /坚果）（素）,果仁蜜饼
Confetti Cake ,五彩纸屑蛋糕（五）,糖果蛋糕
Olive/Canola Oil Blend,橄榄/油菜籽油混合,菜籽油拌橄榄
Arugula Salad with Goat Cheese ,芝士奶酪芝麻菜沙拉（素）,芝士奶酪芝麻菜沙拉
Smoked Salmon Pasta,熏三文鱼面食,熏三文鱼意面
Polenta with Vegetables ,蔬菜用麦片（素）,蔬菜杂粮粥
Peas with Onions ,豌豆与洋葱（素）,豌豆炒洋葱
Fettucine Carolina ,Fettucine Carolina（素）,黄油酱汁面条
Very Chocolate Cake ,非常巧克力蛋糕（素）,巧克力蛋糕
Grilled Vegetable Wrap ,烤蔬菜卷（素）,蔬菜卷
Chicken Enchiladas In Green Sauce,绿色酱汁鸡肉酱,墨西哥辣椒乳酪鸡肉卷饼
Buffalo Chicken Pizza,布法罗鸡肉披萨,布法罗鸡肉披萨
Vegetable & Jalapeno Pizza ,蔬菜,墨西哥胡椒蔬菜披萨
Chicken w/Thai Peanut Sauce ,鸡肉/泰国花生酱（w /坚果）,泰国花生酱鸡
Wild Rice Garden Salad ,野菜大米沙拉（素）,野生稻米田园沙拉
Pasta Salad w Ginger/Green Onion ,面食沙拉w姜/洋葱（素）,洋葱/生姜意面沙拉
Chocolate Chocolate Chip Cookie ,巧克力巧克力饼干（素）,巧克力饼干
Lemon Cookie ,柠檬饼干（素）,柠檬饼干
Pasta Fazool Soup ,意大利面食汤（素）,意大利面食汤
Diced Potatoes ,zdiced土豆（素）,土豆
Quinoa Salad w/Grapefruit & Mint ,藜芦沙拉配葡萄柚,葡萄柚藜芦沙拉
Chicken Primavera,鸡Primavera,普里马韦拉鸡肉
Tortilla Fajita 8&quot;,玉米饼Fajita 8,玉米饼
Shredded Cheddar Cheese ,切丝切干酪（素）,切丝干奶酪
Organic Green Bell Pepper,有机绿色甜椒,有机绿色甜椒
Tomato & Avocado Salsa ,番茄,番茄鳄梨沙拉
Albondigas Soup,Albondigas汤,墨西哥肉丸汤
Three Grain Roll ,三粒卷（素）,三粒卷
Trail Mix Cookie  ,足迹混合饼干（w /坚果）（素）,混合曲奇
Tabouli Salad ,Tabouli沙拉（素）,塔波利皮塔
Turkey Tetrazzini,火鸡Tetrazzini,h烤火鸡肉意粉
Meatballs,肉丸,肉丸
Mushroom Gravy,蘑菇浓汁,蘑菇浓汤
Rice Pilaf with Vegetables ,蔬菜米饭（素）,炒蔬菜米饭
Fresh Broccoli ,新鲜西兰花（素）,新鲜西兰花
zSpanish Rice,西班牙米饭,西班牙米饭
Jalapeno,辣椒,墨西哥胡椒
Teriyaki Beef Bowl,Teriyaki牛肉碗,红烧牛肉碗饭
Tofu Teriyaki Bowl ,豆腐Teriyaki碗（素）,红烧豆腐碗饭
Udon Chicken Soup,乌冬鸡汤,乌冬鸡汤
Rotini with Garlic Butter ,大蒜黄油（素）,大蒜黄油螺旋面
Pumpkin Pie ,南瓜饼（素）,南瓜派
Chorizo and Eggs,香肠和鸡蛋,西班牙辣香肠配鸡蛋
Granola Coffee Cake  ,格兰诺拉咖啡蛋糕（w /坚果）（素）,格兰诺拉咖啡蛋糕
Spinach Salad with Cranberry ,蔓越莓菠菜沙拉（含坚果）,蔓越莓菠菜沙拉
Sliced Swiss Cheese ,切丝瑞士奶酪（素）,切丝瑞士奶酪
Spanish Rice with Cilantro ,西班牙米饭（西班牙语）,西班牙米饭配芫荽叶
Cream of Tomato Basil Soup ,番茄罗勒汤（素）,番茄奶油罗勒汤
Grilled Cheddar on Wheat ,小麦烤切丁（素）,烤小麦面包切丁
Lemon Poppyseed Bread ,柠檬罂粟面包（素）,柠檬罂粟面包
Devilyinhaos Food Cupcake w/Chocolate ,Devilyinhaos食品蛋糕w巧克力（素）,巧克力蛋糕
Beef Broccoli and Mushroom Stir Fry,牛肉西兰花和蘑菇搅拌炒,爆炒牛肉西兰花蘑菇饭
Rotisserie Chicken,烤鸡肉,烤鸡肉
Au Gratin Potatoes ,Au Gratin土豆（素）,h烤马铃薯
Fettuccine with Mustard Chicken Sauce,Fettuccine与芥末鸡酱,意大利面配芥末鸡肉酱
Penne w/Chard & Sun Dried Tomato ,通心粉/甜菜和太阳晒干的西红柿,甜菜西红柿通心粉
Chipotle Beef Wrap,辣椒牛肉卷,辣牛肉卷
Carnitas Burrito,Carnitas墨西哥玉米煎饼,肉丝墨西哥玉米卷饼
Vegetable Empanada ,植物Empanada（素）,蔬菜卷饼
Mushroom Pizza ,蘑菇披萨（素）,蘑菇披萨
Thai Cucumber Salad ,泰国黄瓜沙拉（素）,泰式黄瓜沙拉
Congo Bar  ,刚果酒吧（w /坚果）（素）,刚果条
Brown and Wild Rice Pilaf ,棕色和野生稻饭（素）,全麦粗米饭
Creole Beans and Rice ,克里奥尔豆和米饭（素）,克里奥尔豆配米
Roasted Vegetable Quesadilla ,烤蔬菜Quesadilla（素）,烤蔬菜油炸玉米粉饼
Chicken Pad Thai ,鸡肉泰国面（w /坚果）,泰式鸡面
Vegetable and Noodles Stir Fry ,蔬菜和面条搅拌炒（素）,蔬菜炒面
Lemon Yogurt Pound Cake ,柠檬酸奶蛋糕（素）,柠檬酸奶蛋糕
Turkey Hot Dog,火鸡热狗,火鸡热狗
Scrambled Eggs w/Bacon & Cheese,炒鸡蛋与培根,炒鸡蛋配培根
Pasta Salad with Grilled Vegetables,烤蔬菜意大利面沙拉（素）,烤蔬菜沙拉配意大利面
Chicken Salad Sandwich on 9 Grain,鸡肉沙拉三明治9粒,鸡肉沙拉谷物三明治
Ravioli w/ Meat Sauce,馄饨w /肉酱,意大利肉馅方饺
Falafel Sandwich ,法拉费尔三明治（素）,发拉斐尔三明治
Roast Beef & Swiss Panini,烤牛肉,瑞士烤牛肉帕尼尼
5 Layer Bars  ,5层酒吧（w /坚果）（素）,五层卷
Chicken Teriyaki Sushi Roll,鸡Teriyaki寿司卷,日式烤鸡寿司卷
Chicken Florentine,鸡肉佛罗伦萨,佛罗伦萨鸡
Lemon Herb Grilled Pork Chop,柠檬草药烤猪排,柠檬香草烤猪排
Grilled Swai,烤Swai,烤Swai鱼排
Eggplant Parmesan Casserole ,茄子帕尔马砂锅（素）,茄子帕尔马干酪炖菜
Beef Taquito,牛肉汤,墨西哥牛肉卷
Orange Chicken Stir Fry,橙鸡搅拌炒,炒香橙鸡
Banana Choc Chip Muffin ,香蕉巧克力松饼（素）,香蕉巧克力松饼
Omelets Made to Order,煎蛋卷订做,定制煎蛋卷
Fresh Whole Egg,新鲜的全蛋,新鲜全蛋
Grilled Swai,烤Swai,烤Swai鱼排
Eggplant Parmesan Casserole ,茄子帕尔马砂锅（素）,茄子帕尔马干酪炖菜
Beef Taquito,牛肉汤,墨西哥牛肉卷
Orange Chicken Stir Fry,橙鸡搅拌炒,炒香橙鸡
Banana Choc Chip Muffin ,香蕉巧克力松饼（素）,香蕉巧克力松饼
Omelets Made to Order,煎蛋卷订做,定制煎蛋卷
Fresh Whole Egg,新鲜的全蛋,新鲜全蛋
Frozen Egg Whites,冷冻蛋白,蛋白冻
Oven Roasted Turkey Breast,烤箱烤火鸡胸,烤火鸡胸肉
Cactus Salad ,仙人掌沙拉（素）,胭脂仙人掌沙拉
Cheese Enchilada Casserole ,芝士En ada砂锅（素）,墨西哥辣味奶酪肉馅炖菜
Carne Asada Soft Taco,Carne Asada Soft Taco,墨西哥烤肉卷饼
Chile Rellenos ,智利Rellenos（素）,墨西哥爆浆芝士辣椒
Roasted Delicata Squash ,烤熟的西葫芦（素）,烤西葫芦
Non-alcohol Cinco de Mayo Margarita,非酒精Cinco de Mayo玛格丽塔,（无酒精）五月五日玛格丽特
Jalapeno Cheddar Roll,Jalapeno切达干酪卷,墨西哥辣椒切达芝士卷
Churro,Churro,西班牙油条
Grilled Fish with Lemon Pepper,烤鱼与柠檬胡椒,胡椒柠檬汁烤鱼
Grilled Swai,烤Swai,烤Swai鱼排
Eggplant Parmesan Casserole ,茄子帕尔马砂锅（素）,茄子帕尔马干酪炖菜
Beef Taquito,牛肉汤,墨西哥牛肉卷
Orange Chicken Stir Fry,橙鸡搅拌炒,炒香橙鸡
Banana Choc Chip Muffin ,香蕉巧克力松饼（素）,香蕉巧克力松饼
Omelets Made to Order,煎蛋卷订做,定制煎蛋卷
Fresh Whole Egg,新鲜的全蛋,新鲜全蛋
Frozen Egg Whites,冷冻蛋白,蛋白冻
Oven Roasted Turkey Breast,烤箱烤火鸡胸,烤火鸡胸肉
Cactus Salad ,仙人掌沙拉（素）,胭脂仙人掌沙拉
Cheese Enchilada Casserole ,芝士En ada砂锅（素）,墨西哥辣味奶酪肉馅炖菜
Carne Asada Soft Taco,Carne Asada Soft Taco,墨西哥烤肉卷饼
Chile Rellenos ,智利Rellenos（素）,墨西哥爆浆芝士辣椒
Roasted Delicata Squash ,烤熟的西葫芦（素）,烤西葫芦
Non-alcohol Cinco de Mayo Margarita,非酒精Cinco de Mayo玛格丽塔,（无酒精）五月五日玛格丽特
Jalapeno Cheddar Roll,Jalapeno切达干酪卷,墨西哥辣椒切达芝士卷
Churro,Churro,西班牙油条
Grilled Fish with Lemon Pepper,烤鱼与柠檬胡椒,胡椒柠檬汁烤鱼
Beef Fajita,牛肉Fajita,墨西哥烤牛肉卷
Egg Roll ,蛋卷（素）,鸡蛋卷
Sweet Potato Halves ,红薯（素）,红薯
Creamy Pesto Sauce ,奶油酱油（素）,奶油香蒜酱
Caramel Flan ,焦糖酱（素）,焦糖布丁
Fresh Strawberry,新鲜草莓,新鲜草莓
Home Fried Potatos ,家炒锅（素）,家常炸土豆
Breakfast Burrito ,早餐卷饼（素）,早餐卷饼
Couscous w/Artichoke & Nuts  ,Couscous w /朝鲜蓟,北非米/朝鲜蓟&坚果
Fried Fish Sandwich,炸鱼三明治,炸鱼三明治
Focaccia w/Grilled Vegetables & Pesto,Focaccia w /烤蔬菜,香草橄榄油面包/烤蔬菜&香蒜酱
zSteamed Vegetables and Rice ,蔬菜和水稻（素）,蒸蔬菜和米饭
California Vegetable Medley ,加州蔬菜混合（素）,混合加州蔬菜
Coconut Curry Beef w/Yukon Potatoes/Rice,椰子咖喱牛肉/育空土豆/米饭,椰子咖喱牛肉/育空土豆/米饭
Jerk Chicken,猛鸡,烤鸡
Hot Ham And Swiss Cheese Sandwich,热火腿和瑞士奶酪三明治,热火腿和瑞士奶酪三明治
Challah Bread ,挑战面包（素）,哈拉面包
Canadian Tea Cookie  ,加拿大茶饼（素）（w /坚果）,加拿大茶饼
Thick Focaccia Bread ,厚Focaccia面包（素）,厚香草橄榄油面包
Couscous w/Artichoke Heart  ,Couscous w /朝鲜蓟心（w /坚果）（素）,北非米/朝鲜蓟心（坚果）
Jicama Pico de Gallo Salad ,Jicama Pico de Gallo沙拉（素）,豆薯碎番茄粒沙拉
Baked Cod,烤鳕鱼,烤鳕鱼
Tortellini w/Creamy Pesto Sauce ,Tortellini w / Creamy Pesto Sauce（素）,意式饺子/ 奶油香蒜酱
Steamed Veggies ,蒸蔬菜（素）,蒸蔬菜
Tres Leches Cake w/Strawberries,Tres Leches蛋糕w /草莓,三奶蛋糕/草莓
Spicy Meatball Sandwich,辣肉三明治,辣肉三明治
Banana Coffee Cake  ,香蕉咖啡蛋糕（w /坚果）（素）,香蕉咖啡蛋糕
Italian Bread Salad ,意大利面包沙拉（素）,意大利面包沙拉
Mushroom Pizza on Wheat ,小麦上的蘑菇披萨（素）,小麦蘑菇披萨
Chicken Philly Sandwich,鸡费城三明治,费城鸡肉三明治
Fried Ham,炸火腿,炸火腿
Strawberry Muffins ,草莓松饼（素）,草莓松饼
Spring Vegetable Paella ,春天蔬菜肉饭饭（素）,春季蔬菜肉菜饭
Potato Pancakes ,土豆煎饼（素）,土豆薄饼
Hot Spiced Applesauce ,热辣味苹果酱（素）,热辣苹果酱
French Crumb Apple Pie ,法式碎苹果派（素）,法式苹果派
Chocolate Chip Pancake ,巧克力薯片（素）,巧克力薄饼
zBroccoli Quiche ,zBroccoli Quiche（素）,西蓝花法式咸派
Zucchini Muffin  ,西葫芦松饼（w /坚果）（素）,西葫芦松饼
Pasta Caponata ,意大利面Caponata（素）,意大利面蔬菜料理
zSausage & Pepperoni French Bread Pizza,zSausage,香肠&意大利辣香肠法式面包披萨
Tomato Basil Pizza on White ,白色番茄罗勒披萨（素）,白色罗勒番茄披萨
Yellow Cake with Icing,带蛋糕的黄蛋糕,酥皮鸡蛋糕
Cabbage Soup ,白菜汤（素）,卷心菜汤
Carnitas Taco,Carnitas Taco,墨西哥肉丝卷饼
Mardi Gras Eggs with Ham,疯狂鸡蛋与火腿,狂欢节鸡蛋与火腿
Peach Chunk Pancakes ,桃花饼（素）,桃块薄饼
Orange Nut Muffins  ,橙螺母松饼（w /坚果）（素）,橙味坚果松饼
Applesauce Coffee Cake ,苹果咖啡蛋糕（素）,咖啡苹果酱蛋糕
Kale Caesar Salad ,甘蓝凯撒沙拉（素）,羽衣甘蓝凯撒沙拉
Spicy Sauce ,辣酱（素）,辣酱
Baked Rigatoni Mozzerella ,烘焙的Rigatoni Mozzerella（素）,马苏里拉芝士烤通心粉
Tomato Pesto Pizza on Wheat ,番茄酱小吃（素）,番茄香蒜酱小麦披萨
Italian Sub,意大利子,意大利夹料
Carmelized Onion & Sausage Pizza,卡米尔化洋葱,香洋葱&香肠披萨
Pancakes ,煎饼（素）,薄饼
Sausage Link,香肠链接,长串香肠
Pasta Salad w/Chicken & Sundried Tomato,意大利面沙拉/鸡,意大利面沙拉/鸡肉&番茄干
Chicken and Rice Tostada,鸡肉和米饭Tostada,鸡肉米饭玉米饼
Potato Vegetable Taco ,马铃薯蔬菜塔科（素）,土豆蔬菜卷饼
Turkey Marinara Sauce,火鸡马里纳拉酱,土耳其番茄大蒜酱
Wild Mushroom Rst Garlic Cream Sce ,野生蘑菇Rst大蒜霜Sce（素）,野生蘑菇奶油大蒜酱
Swirled Herb Bread ,漩涡草本面包（素）,香草面包
German Apple Cake  ,德国苹果蛋糕（w /坚果）（素）,德国苹果蛋糕
Wheat Berry ,小麦莓（素）,麦仁
Macaroni Salad ,通心粉沙拉（素）,通心粉沙拉
Chicken Fried Steak,鸡炸牛排,炸鸡式牛排
Tomato Vegetable Barley Soup ,番茄蔬菜大麦汤（素）,番茄蔬菜薏米汤
Cranberry Bar  ,蔓越莓酒吧（w /坚果）（素）,蔓越莓坚果棒
Roast Pork Loin with Spiced Apples,烤猪肉配五香苹果,调味苹果烤里脊肉
Beef Bourguignon with Noodles,牛肉Bourguignon与面条,红酒炖牛肉&面条
Oven Browned Potato ,烤箱褐色土豆（素）,烤褐色土豆
Grilled Turkey Swiss Tom Bacon Sandwich,烤火鸡瑞士汤姆培根三明治,烤瑞士培根三明治
Spicy Navy Bean Soup ,辣海军豆汤（素）,香辣菜豆汤
Chicken Chile Verde and Corn Tortillas,鸡肉智利和玉米饼,鸡肉辣豆酱和玉米饼
Festive Rice Salad w/Fruit  ,节日米饭沙拉w /水果（w /坚果）（素）,小豆米饭沙拉/水果（坚果）
Italian Tossed Greens ,意大利卷发绿党（素）,意大利蔬菜沙拉
Beef Chop Suey,牛肉酱苏,牛肉杂碎
Spicy Tofu w/Vegetables & Noodles ,辣豆腐w /蔬菜,辣豆腐/蔬菜&面条
Rigatoni Arabiata with Chicken ,鸡肉沙拉鸡尾酒（w /坚果）,鸡肉通心粉
Onion & Jalapeno Pizza ,洋葱,洋葱&墨西哥辣椒披萨
Pineapple Upside Down Cake ,菠萝颠倒蛋糕（素）,菠萝蛋糕
Butterscotch Bar ,奶油酒吧（w /坚果）（素）,奶油糖果坚果棒
Onion Soup ,洋葱汤（素）,洋葱汤
Tartar Sauce ,鞑靼酱（素）,塔塔酱
Ham & Cheese Pizza,火腿,火腿&奶酪披萨
Tofu Szechwan ,豆腐Szechwan（素）,麻婆豆腐
Rotisserie BBQ Chicken,烤肉烧烤鸡,烤鸡
Whole Wheat French Bread ,全麦面包（素）,法式全麦面包
Banana Wheat Pancakes ,香蕉小麦煎饼（素）,香蕉小麦薄饼
White Bean & Cherry Tomato Salad ,白豆,白豆&圣女果沙拉
Sweet & Spicy Eggplant w/ Peppers ,甜,鱼香茄子/甜椒
Panini Pizza ,帕尼尼披萨（素）,帕尼尼披萨
Graham Roll,格雷厄姆卷,格雷厄姆卷
Chocolate Almond Oat Bar  ,巧克力杏仁棒（w /坚果）（素）,巧克力杏仁燕麦棒
Peach Crisp ,桃酥（素）,桃酥
Mozzerella Cheese ,奶油芝士（素）,马苏里拉芝士
Tandoori Spiced Chicken,Tandoori五香鸡,印度烤鸡
Coconut Rice  ,椰子饭（w /坚果）（素）,椰汁米饭
Roasted Spaghetti Squash with Honey ,蜂蜜烤意大利面条壁球（素）,蜜汁烤西葫芦
Carrot Cake  ,胡萝卜蛋糕（w /坚果）（素）,胡萝卜蛋糕
Lemon Yogurt Muffin ,柠檬酸奶松饼（素）,柠檬酸奶松饼
Oatmeal ,燕麦（素）,燕麦粥
Cream Of Wheat ,小麦奶油（素）,奶油小麦
Buttermilk Pancakes ,奶油煎饼（素）,黄油牛奶煎饼
Denver Omelet,丹佛煎蛋卷,丹佛煎蛋卷
Diced Potatoes ,丁香土豆（素）,土豆丁
Scrambled Eggs ,炒鸡蛋（素）,炒鸡蛋
Scrambled Egg Whites ,炒蛋（素）,炒蛋白
Make Your Own Waffle ,自制华夫饼（素）,自制华夫饼
Blueberry Muffin ,蓝莓松饼（素）,蓝莓松饼
Bagels-Breads & Cereals- See for Choices,百吉饼面包,白吉饼面包
Organic Nonfat Milk,有机脱脂牛奶,有机脱脂牛奶
Sliced Almond,切杏仁,切杏仁
Banana,香蕉,香蕉
Raisin,葡萄干,葡萄干
Jicama Pico De Gallo ,Jicama Pico De Gallo（素）,
Greek Pasta Salad ,希腊面食沙拉（素）,希腊面团沙拉
Sliced Turkey,火鸡片,火鸡切片
Sliced Pastrami,切片Pastrami,薰牛肉切片
Sliced Jack Cheese ,切片杰克奶酪（素）,杰克奶酪切片
Sliced Provolone Cheese ,切片脯酪干酪（素）,波萝芙箩干酪切片
Chicken Fajitas,鸡肉春饼,墨西哥烤鸡肉
Vegetable Fajita ,蔬菜法ita（素）,墨西哥烤蔬菜
Refried Black Beans ,黑豆（素）,冷制黑豆
Spanish Rice ,西班牙饭（素）,西班牙饭
Chicken Diavola,鸡Diavola,鸡肉空心意粉
Sauteed Summer Squash with Herbs ,用草药烹制的夏季南瓜（素）,草药夏季南瓜
Italian Green Beans ,意大利绿豆（素）,意大利绿豆
Steamed Vegetables & Brown Rice ,蒸蔬菜,煮蔬菜和棕米
Mashed Potatoes ,土豆泥（素）,土豆泥
Pepperoni Pizza,辣椒披萨,辣椒披萨
Arugula & Artichoke Pizza on White ,芝麻菜,芝麻菜
Vegetable Noodle Soup ,蔬菜面汤（素）,蔬菜汤面
Grilled Turkey Burger,烤火鸡汉堡,烤火鸡汉堡
Gardenburger ,花园汉堡（素）,田园汉堡
Potato Taquito ,马铃薯饼（素）,马铃薯饼
Krinkle Cut Fries ,波浪薯条,波浪薯条
Baked Potato ,烤土豆（素）,烤土豆
Baked Sweet Potato ,烤红薯（素）,烤红薯
Long Grain Rice ,长粒米,长粒米
Lemon Bread ,柠檬面包（素）,柠檬面包
Galaktoboureko (Greek Pudding) ,Galaktoboureko（希腊布丁）（素）,希腊布丁
Toffee Square  ,太妃坊（w /坚果）（素）,太妃方糖
Water,水,水
Fuji Apple,富士苹果,富士苹果
Nonfat Plain Greek Yogurt,脱脂普通希腊酸奶,脱脂希腊酸奶
Caesar Salad,凯撒沙拉,凯撒沙拉
Tortilla Chips and Salsa ,玉米饼和莎莎（素）,洋葱调味玉米饼
Pita Chips and Hummus ,皮塔薯片和虎嘴豆（素）,皮塔薯片和虎嘴豆
Sticky Rice ,粘米饭（素）,糯米
Lemon Ginger Chicken,柠檬姜鸡,柠檬姜鸡
Vegetable Fried Rice ,蔬菜炒饭（素）,蔬菜炒饭
Tilapia w/Red Curry Sauce & Rice,罗非鱼与红咖喱酱,罗非鱼和红咖喱酱
Vegetable Pad Thai  ,蔬菜泰国面（w /坚果）（素）,蔬菜泰国面
Carrots with Fresh Thyme ,胡萝卜与新鲜的百里香（素）,胡萝卜和新鲜百里香
Fresh Green Beans ,鲜绿豆（素）,鲜绿豆
French Onion Soup w/Croutons,法国洋葱汤/面包汤,法国洋葱汤
Rigatoni Pasta ,Rigatoni面食（素）,粗通心面
Turkey Sausage and Mushroom Sauce,火鸡香肠和蘑菇酱,火鸡香肠蘑菇酱
Fettucine Alfredo ,Fettucine Alfredo（素）,阿尔弗雷多白脱奶油面
Brown Rice ,糙米（素）,糙米
Whole Wheat Bread ,全麦面包（素）,全麦面包
Black Bottom Banana Cream Pie ,黑底香蕉奶油馅饼（素）,黑的香蕉奶油馅饼
Almond Milk,杏仁奶,杏仁奶
Sustainable Mandarin,可持续中国蔬菜,有机柑橘
Vegetable Pad Thai  ,蔬菜泰国面（w /坚果）（素）,蔬菜泰国面
Manhattan Clam Chowder,曼哈顿蛤蜊汤,曼哈顿牡蛎汤
Grilled Vegetable Wheat Wrap ,烤蔬菜小麦包（素）,烤蔬菜小麦包
Roasted Root Vegetables ,烤根菜（素）,烤根菜
Grilled Turkey Taco,烤火鸡薄饼卷,烤火鸡博饼
Vegetable Taco ,蔬菜薄饼卷（素）,蔬菜博饼卷
Rice with Cilantro & Lime ,米饭与香菜,香菜米饭
Black Beans ,黑豆（素）,黑豆
Flour Tortilla ,面粉玉米饼（素）,面粉玉米饼
Corn Tortilla ,玉米饼（素）,玉米饼
Wheat Tortilla ,小麦玉米饼（素）,小麦玉米并
Fire Roasted Tomato Salsa ,火烤番茄酱（素）,火烤番茄
Roasted Tomato & Basil Pizza ,烤番茄,烤番茄
Pesto Cheese Pizza ,派斯特奶酪披萨饼（素）,派斯特奶酪披萨
Herb Breadsticks ,草本面包（素）,草本面包
Spicy Turkey Citrus Stir Fry,辣火鸡柑橘搅拌炒,辣火鸡柑橘
Sweet & Sour Tofu w/ Vegetables ,甜,甜咸豆腐蔬菜
Country Wild Rice Blend ,国家野稻混合（素）,国家野稻混合
Chicken Patty Sandwich,鸡肉饼干三明治,鸡肉饼干三明治
Veggie Burger on Whole Wheat Bun ,素食汉堡全麦面包（素）,全麦面包素食汉堡
Grilled Tuna/Swiss/Sourdough Sandwich,烤金枪鱼/瑞士/ Sourdough三明治,烤金枪鱼三明治
Krinkle Cut French Fries ,波浪薯条（素）,波浪薯条
Spinach Salad with Vinaigrette,菠菜沙拉配香醋,香醋菠菜沙拉
Tomatoes Dijon Salad ,番茄第戎沙拉（素）,番茄第戎沙拉
Olive Roll ,橄榄卷（素）,橄榄卷
Strawberry Shortcake ,草莓脆饼（素）,草莓脆饼
Apple Kuchen  ,苹果Kuchen（w /坚果）（素）,德式咖啡面包
Honey,蜂蜜,蜂蜜
Fresh Vegetable Medley ,新鲜蔬菜汁,新鲜蔬菜汁
Shredded Jack & Cheddar Cheese Mix,切碎的杰克奶酪,杰克奶酪碎
Carrot And Curry Soup ,胡萝卜和咖喱汤（素）,胡萝卜咖喱汤
Herb & Garlic Crusted Tilapia,草本植物,咖喱罗非鱼
Sauteed Fresh Carrots ,炒新鲜胡萝卜（素）,炒胡萝卜
Rice Pilaf ,米饭（素）,肉饭
Stuffed Peppers ,辣椒（素）,填充辣椒
Grilled Chicken Taco,烤鸡肉卷,烤鸡肉卷
Potato Taco ,马铃薯饼（素）,马铃薯饼
Refried Beans ,干豆（素）,干豆
Pineapple Chicken,菠萝鸡,菠萝鸡
Spicy Veg w/Peanut Sauce  ,（w /坚果）（素）,辣蔬菜
Caesar Salad ,凯撒沙拉（素）,凯撒沙拉
Blueberry Cornbread ,蓝莓玉米面包（素）,蓝莓玉米面包
Fresh Strawberry Pie ,新鲜草莓馅饼（素）,新鲜草莓馅饼
Chunky Peanut Butter,大块花生酱,大块花生酱
Make Your Own Waffles ,自制华夫饼（素）,自制华夫饼
Whole Wheat Waffle ,全麦饼干（素）,全麦饼干
Cage Free Scrambled Eggs ,摊鸡蛋（素）,摊鸡蛋
Cage Free Scrambled Egg Whites ,摊鸡蛋白（素）,摊鸡蛋白
Whole Wheat Pancakes ,全麦饼（素）,全麦饼
Fresh Blueberry Compote,新鲜蓝莓椰子,新鲜蓝莓椰子
Home Fried Red Potatoes ,家炒红土豆（素）,家炒红土豆
Bran Muffin ,麸皮松饼（素）,麸皮松饼
Lowfat Granola ,低碳格兰诺拉（w /坚果）,低碳蓝格诺啦
Tomato Dijon Salad ,番茄第戎沙拉（素）,番茄第戎沙拉
Blackened Chicken Breast,黑鸡胸肉,黑鸡胸肉
Orzo with Kale and Shiitake ,Orzo与Kale和Shiitake（素）,橄榄菜香菇面食
Cornbread with Honeybutter ,玉米饼与蜜糖（素）,蜂蜜黄油玉米面包
Peanut Butter Pie  ,花生酱馅饼（w /坚果）（素）,花生酱馅饼
Blueberry Buttermilk Scone ,蓝莓奶酪（素）,蓝莓酪浆饼
Carnitas Tortas,Carnitas Tortas,墨西哥卷饼
Turkey Tettrazini,火鸡Tettrazini,火鸡肉h意面
Spinach Quiche ,菠菜乳蛋饼（素）,菠菜法式咸派
Grilled Cheese on White ,白色烤芝士（素）,烤芝士
Sourdough bread,面包（素）,加州酸面包
Brownie  ,布朗尼（w /坚果）（素）,核仁巧克力蛋糕
Green Curry Beef on Rice Noodles,绿咖喱牛肉米线,绿咖喱牛肉米线
Tofu Vegetable Pad Thai  ,豆腐蔬菜泰国面（w /坚果）（素）,豆腐蔬菜泰式面
Italian Mixed Vegetables ,意大利混合蔬菜（素）,意式混合蔬菜
Boston Cream Pie  ,波士顿奶油馅饼（w /坚果）（素）,波士顿奶油派
Fresh Carrots with Thyme ,新鲜胡萝卜与百里香（素）,百里香新鲜胡萝卜
Beef Sopes,牛肉Sopes,墨西哥牛肉饼
Assorted Bell Pepper Pizza ,什锦贝尔披萨饼（素）,什锦甜椒披萨
Chicken Chop Suey,鸡扒苏,鸡肉炒杂碎
Miso Soup ,味噌汤,味噌汤
Grilled Vegetables with Couscous ,Couscous（素）烤蔬菜,h蔬菜古斯古斯面
Chicken Fried Taco,炸鸡玉米饼,墨西哥炸鸡卷
Black Bean Tostada ,黑豆Tostada（素）,黑豆脆玉米饼
Shredded Jack Cheese,切碎的杰克奶酪,杰克芝士
Chicken Caesar Wrap,鸡凯撒裹,凯撒鸡肉卷
Meatball Calzone,肉丸Calzone,半圆形烤乳酪肉丸馅饼
Pasta Carolina ,卡罗莱纳州（素）,卡罗莱纳面
Queso with Roasted Chiles Panini ,与雪茄帕尼尼（素）,西班牙乳酪烤帕尼尼
Assorted Butter Cookie  ,什锦黄油饼干（w /坚果）（素）,什锦黄油饼干
Chocolate Chocolate Chip Bars ,巧克力棒（素）,巧克力条
Sweet and Tangy Spare Ribs,甜美的和浪漫的排骨,蜜汁排骨
Indian Lentils with Potatoes ,印度扁豆与土豆（素）,土豆配印度扁豆
Red Clam Sauce,红am酱,红蛤酱
Lemon Pie ,柠檬饼（素）,柠檬饼
Spinach Enchilada ,菠菜恩希拉达（素）,辣肉馅玉米卷
Quiche Lorraine,Quiche Lorraine,法式洛林熏肉咸塔
Sourdough French Toast ,法国吐司（素）,法式吐司面包
Ambrosia Salad ,安布拉沙拉（含坚果）,仙果沙拉
Tangy Cool Noodle Salad ,汤迪酷面条沙拉（素）,蜜汁沙拉面条
Chicken Tostada,鸡Tostada,肌肉脆玉米饼
Stir Fry Line ,搅拌线（w /坚果）,煸炒米线
Chicken Stir Fry with Veggies,鸡肉炒蔬菜,鸡肉炒蔬菜
Beef Stir Fry with Vegetables,牛肉炒蔬菜,牛肉炒蔬菜
Spicy Noodles w/Tofu & Cucumber ,辣面条/豆腐,辣味面条／豆腐黄瓜
Hoisin Sauce,海鲜酱,海鲜酱
Chow Mein Noodles,周美面,中式炒面
Brown Molasses Bread ,棕色糖浆面包（素）,黑糖面包
Magic Rainbow Bar  ,魔术彩虹吧（w /坚果）（素）,魔法彩虹坚果条
Chicken & Waffle Line,鸡和Chicken & Waffle Line,鸡肉华夫饼
Fried Chicken,炸鸡,香炸鸡肉
Cinnamon Beef Noodles,肉桂牛肉面,肉桂牛肉面
Green Curry Chicken with Thai Basil,绿色咖喱鸡与泰国罗勒,绿咖喱鸡肉泰式面
Stir Fried Chinese Greens ,中国炒蔬菜（素）,中式炒蔬菜
Zebra Bars  ,斑马条（w /坚果）（素）,牛奶巧克力脆条
Pork Balchao,猪肉棒,印度酸辣猪肉
Avocado Salsa,鳄梨撒拉,鳄梨沙拉
Beef Milanesa,牛肉米拉内萨,炸牛排
Buffalo Chicken Drumstick,水牛鸡炸锅,大鸡腿
Carne Asada Taco,Carne Asada Taco,墨西哥牛肉卷
Chile Relleno with Tomato Sauce ,智利Relleno番茄酱（素）,智利辣味番茄酱
Pepperoni and Olive Pizza,胡椒和橄榄披萨,胡椒橄榄披萨
Homemade Egg Roll ,自制蛋卷（素）,自制鸡蛋卷
Chicken Lettuce Cup,鸡生菜杯,鸡肉生菜杯
Roasted Shaved Brussel Sprouts ,烘烤的布鲁塞尔芽菜（素）,烤甘蓝
Lemon and Herb Roasted Chicken Quarters,柠檬和草药烤鸡舍,柠檬香料烤鸡腿
Strawberry Blintz ,草莓布林茨（素）,草莓薄煎饼
Spinach Lasagna ,菠菜烤宽面条（素）,菠菜宽面
Jerk Chicken Quarter,急鸡场,牙买加烟熏烤鸡腿
Vegetable Cutlet ,蔬菜饼（素）,蔬菜肉片
Peas and Mushrooms ,豌豆和蘑菇（素）,豌豆蘑菇
Bean Rice & Cheese Burrito ,糯米饭,豆饭&墨西哥卷
Green Rice ,绿米饭,蔬菜饭
Meat Sauce with Mushrooms,肉酱与蘑菇,肉酱烧蘑菇
Light Tomato Sauce ,番茄酱（素）,番茄酱
Sour Cream & Chive Rolls ,酸奶油,酸奶油&洋葱卷
Fish Herb & Garlic Crusted Tilapia,鱼草,香料蒜烤罗非鱼
Whole Wheat Penne Pasta,全麦面包Penne面食,白意大利面
Rotelli Pasta,罗特利面食,红意大利面
Cage Free Scrambled Eggs w/Bacon &Cheese,笼子免费炒鸡蛋与培根,炒蛋，培根，和芝士
Chicken Tamale,鸡肉玉米粉,鸡肉玉米卷
Creamy Chipotle Salsa ,奶油巧克力酱（素）,烟熏辣椒酱
Beef Noodle Casserole,牛肉面砂锅,牛肉面
Fresh Green Beans with Garlic ,新鲜绿豆与大蒜（素）,大蒜配新鲜绿豆
Pulled Pork Sandwich with Coleslaw,用Coleslaw拉扯猪肉三明治,菜丝猪肉三明治
Chicken Bean and Rice Burrito,鸡豆和米饭,墨西哥鸡肉米饭卷
Bean & Cheese Nachos ,豆,豆&芝士玉米片
Four Cheese Pesto Pizza on Wheat ,小麦四味芝士披萨（素）,四重芝士披萨
Chicken Harissa,鸡哈里莎,鸡肉辣椒酱
Roast Pork Loin,烤猪肉,烤猪排
Country Gravy,国家肉汁,西餐肉汁
Cage Free Eggs Scrambled ,笼罩鸡蛋（素）,炒鸡蛋
Chilaquiles ,Chilaquiles（素）,玉米片
Ham & Cheddar Quiche,火腿,火腿&法式乳蛋饼
Chicken Velvet Soup,鸡天鹅绒汤,丝滑鸡肉汤
Moroccan Carrot w/Chickpeas & Tomato ,摩洛哥胡萝卜/鹰嘴豆,摩洛哥胡萝卜／鹰嘴豆&西红柿
Roasted Cauliflower w/Cumin & Yogurt ,烤花椰菜孜然,香烤花椰菜／枯茗&奶酪
Sustainable Wild Albacore Tuna,可持续的野生长鳍金枪鱼,野生金枪鱼罐头
Shrimp Pad Thai ,虾垫泰国（w /坚果）,鲜虾泰式面
German Potato Salad,德国土豆沙拉,德式土豆沙拉
Black Bean Tostada ,黑豆Tostada（素）,黑豆玉米饼
Roasted Red Breakfast Potatoes ,烤红色早餐土豆（素）,烤土豆
Rotelli Pasta ,罗特利面食（素）,意大利面
Chicken Chow Mein,鸡肉炒面,鸡肉炒面
Blackened Catfish,熏黑鲶鱼,熏制鲶鱼
Roasted Achiote Chicken,烤Achiote鸡,胭脂树酱烤鸡肉
8 Grain Hot Cereal ,8谷物热谷物,8种谷物热麦片
Maple Scone,枫木,英式枫浆茶饼
Turmeric Roasted Cauliflower ,姜黄花菜（素）,酱烤花椰菜
Red Beans & Rice,红豆,红豆饭
Broccolini Pasta ,西兰花面食（素）,花椰菜意大利面
Salsa Ranchero w/Avocado ,Salsa Ranchero w / Avocado（素）,墨西哥牛油果酱
Teriyaki Chicken Breasts,Teriyaki鸡胸肉,照烧鸡胸肉
Zucchini & Crookneck Squash ,夏南瓜,葫芦和弯颈南瓜
Chipotle Aioli ,Chipotle Aioli（素）,辣椒蒜泥蛋黄酱
Eggs Madi Gras with Sweet Potato,鸡蛋捣蛋与红薯,鸡蛋配甜土豆
Wild Mushroom Rst Garlic Cream Sauce ,野生蘑菇Rst大蒜奶油酱（素）,蒜蓉野生蘑菇
Chicken & Bean Chimichanga,鸡,鸡肉绿豆煎饼
Marinated Broccoli and Bean Salad ,腌制西兰花和豆沙拉（素）,西兰花和豆制沙拉
Chorizo Breakfast Pizza,Chorizo\u200b\u200b早餐披萨,香肠早餐披萨
Sausage and Potato Hash,香肠和土豆哈希,香肠与土豆泥
Grilled Pesto/Mozz/Arugula Pizza ,烤苹果酱/奶油/芝麻菜披萨（素）,香h蒜蓉／干酪／芝麻餐披萨
Brownie ,布朗尼（w /坚果）（素）,核仁巧克力蛋糕
Vegetable Taco Salad ,蔬菜沙律（T）,蔬菜沙拉
Pork Loin Roast,烤猪肉,烤猪里脊肉
Broccoli and Rice Stuffed Tomatoes ,西兰花和米饭西红柿（素）,西兰花和米饭西红柿
Bean and Cheese Hard Shell Taco ,豆和奶酪硬壳Taco（素）,豆奶酪硬壳玉米卷
Hawaiian Chicken Stir Fry ,夏威夷鸡肉饭（w /坚果）,夏威夷风情鸡肉炒饭
Dragon Noodles ,龙面（素）,龙面条
Marble Cake w/Fudge Icing ,大理石蛋糕w / Fudge Icing（素）,大理石花纹蛋糕 / 奶油糖霜
zSausage Biscuits & Gravy,zSausage饼干,香肠肉汁饼
Beef & Cheddar Sandwich on Kaiser,牛肉,牛肉干酪凯撒沙拉
Beef And Barley Soup,牛肉和薏仁汤,牛肉和薏仁汤
Chocolate Chocolate Chip Bar ,巧克力巧克力棒（素）,巧克力棒
Cobb Salad,科布色拉,科布沙拉
Swai Fish,斯威鱼,烤Swai鱼排
Honey Baked Chicken,蜂蜜烤鸡,蜂蜜烤鸡
Cheese Ravioli with Marinara Sauce ,奶油馄饨与马里纳拉酱（素）,奶油方饺拌沙拉酱
Garlic Roasted Red Potatoes ,大蒜烤红薯（素）,大蒜烤红薯
Carrots w/Lemon Butter ,胡萝卜/柠檬黄油（素）,胡萝卜/柠檬黄油
Grilled Pastrami Swiss On Sourdough,烤牛扒瑞士牛排,烤牛扒瑞士牛排
Rosemary White Bean Soup ,迷迭香白豆汤（素）,迷迭香白豆汤
Potato Bread ,土豆面包（素）,土豆面包
Cream Of Broccoli Soup ,西兰花汤（素）,西兰花奶油汤
Rotisserie Pork Loin,罗盘酱猪肉,烤猪排
Pork Gravy,猪肉汁,猪肉汁
Blueberry Pancakes ,蓝莓煎饼（素）,蓝莓烙饼
Raspberry Scone ,覆盆子（素）,覆盆子烤饼
Chocolate Pecan Coffee Cake ,巧克力山核桃咖啡蛋糕（含坚果）,巧克力山核桃咖啡蛋糕
General Tsoyinhaos Chicken,左宗棠鸡,左宗棠鸡
Chinese Style Tofu & Vegetables ,中式豆腐和蔬菜,中式豆腐拌蔬菜饭
Fresh Cauliflower ,新鲜花椰菜（素）,新鲜花椰菜
Sauteed Zucchini Sticks ,嫩嫩西葫芦（素）,快炒嫩西葫芦
Ratatouille with White Beans ,白萝卜（素）,蔬菜杂烩拌白豆
Split Pea Soup ,豌豆汤（素）,豌豆汤
Chicken Marinara Sauce,鸡丸丸酱,鸡肉沙司酱
Ham & Pineapple,火腿,火腿拌菠萝
Artichoke Pizza with Pesto on Wheat ,朝鲜蓟披萨与小茴香（素）,青酱小麦洋蓟披萨
Carrot Cake w/Cream Cheese  ,胡萝卜蛋糕/奶油奶酪（w /坚果）（素）,胡萝卜蛋糕/奶油奶酪
Sour Cream & Chives Roll ,酸奶油,酸奶油拌韭菜卷
BBQ Beef on Bun,烧烤牛肉面包,烧烤牛肉面包
Grilled Canadian Bacon,烤加拿大培根,烤加拿大培根
Tri Tip Roast,三点烤,烤牛肉
Au Jus,Au Jus,原汤
Marinated Cucumbers & Onions ,腌制的黄瓜,腌黄瓜拌洋葱
Monterey Jack Cheese ,蒙特里杰克奶酪（素）,蒙特里杰克奶酪
Chicken Chilequilles,鸡智利,鸡肉卷
Tuna Melt,金枪鱼三明治,金枪鱼三明治
Herb Omelet ,草本煎蛋卷（素）,香草煎蛋
North African Lentil Stew ,北非扁豆炖肉,北非扁豆炖肉
Biscuit ,饼干（素）,饼干
Scotcheroo  ,苏格兰（w /坚果）（素）,甜坚果饼干
Whole Wheat Bagel,全麦百吉饼,全麦硬面包圈
Rosemary Chicken,迷迭香鸡,迷迭香料鸡
zBeef Noodle Casserole,z牛肉面条砂锅,牛肉面条砂锅
Ricotta Stuffed Pasta Shells ,意大利面条（素）,意大利面条
zThree Bean Pilaf ,zThree Bean Pilaf（素）,三豆饭
Fresh Cauliflower & Broccoli Mix ,新鲜花椰菜,新鲜花椰菜
Grilled Roast Beef & Swiss on WW,烤烤牛肉,烧烤牛肉
Oatmeal Bread ,燕麦面包（素）,燕麦面包
Cookies & Cream Cheesecake ,饼干,曲奇饼干配奶油芝士蛋糕
Chile Verde with Pork & Corn Tortillias,智利Verde与猪肉,智利特色猪肉配玉米粉圆饼
Roasted Potato Salad w/Goat Cheese ,烤土豆沙拉/山羊奶酪（素）,烤土豆沙拉配芝士
Smoked Gouda ,熏制古达（素）,熏制干酪
Pork Vietnamese Vermicelli,猪肉越南粉丝,猪肉越南细面条
Chicken Enchilada,鸡Enchilada,鸡肉墨西哥风味菜
Quesadilla ,Quesadilla（素）,油炸玉米粉饼
Mexican Wedding Cookie  ,墨西哥婚礼饼干（w /坚果）（素）,墨西哥特色小饼干
Teriyaki Sauce ,Teriyaki酱（素）,红烧酱料
Oven Roasted Red Potatoes ,烤箱烤红薯（素）,烤红薯
Hearty Vegetable Soup ,丰盛的蔬菜汤（素）,丰盛蔬菜汤
Parmesan Herb Bread ,巴马草药面包（素）,意大利香草面包
Apple Crumb Pie ,苹果面包饼（素）,苹果面包饼
Chicken and Bean Burrito,鸡肉和炸薯条,鸡肉拌豆卷饼
Potato Rajas Mole Taco ,土豆拉贾斯・摩尔・塔科（素）,土豆玉米薄卷饼
Raviolis And Meat Sauce,馄饨和肉酱,方饺配肉酱
Wild Rice Country Blend ,野稻混合（素）,混合大米
Tortellini Pesto Salad ,Tortellini Pesto沙拉（素）,Tortellini Pesto沙拉
Quinoa Salad w/Lemon Herb Veggies ,藜芦沙拉有柠檬草药（素）,藜芦沙拉 / 柠檬香草拌菜
Confetti Cake w/Butter Cream Icing ,五彩蛋糕带黄油霜（素）,五彩蛋糕带黄油霜
Grilled Onions ,烤洋葱（素）,烤洋葱
Carrots with Tarragon ,胡萝卜与塔拉贡（素）,胡萝卜配龙嵩叶
Grilled Vegetable Soft Taco ,烤蔬菜软Taco（素）,烤蔬菜卷软饼
Stir Fry Beef with Vegetables,用蔬菜炒牛肉,蔬菜炒牛肉饭
Vegetable Curry ,蔬菜咖喱（素）,蔬菜咖喱
Banana Cream Pie ,香蕉奶油馅饼（素）,香蕉奶油馅饼
Grilled Ham & Swiss Sandwich,烤火腿,烤火腿三明治
Muffin Blueberry Cornbread ,松饼蓝莓玉米面包（素）,松饼蓝莓玉米面包
Strawberry Salad w/Poppyseed Dressing,草莓沙拉w / Poppyseed Dressing（素）,草莓罂粟籽沙拉
Beef Pot Pie,牛肉馅饼,牛肉馅饼
Fresh Steamed Cauliflower ,新鲜花椰菜（素）,新鲜花椰菜
Turkey Burger,火鸡汉堡,火鸡汉堡
Chicken Curry Panini,鸡蛋咖喱帕尼尼,鸡肉咖喱意式三明治
Chocolate Crinkle Cookie ,巧克力蛋糕（素）,巧克力蛋糕
Dutch Apple Bars ,荷兰苹果酒吧（素）,苹果
Yam & Avocado Sushi Roll ,芋头（素）,山药卷
Sweet And Sour Pork,甜酸猪肉,甜酸猪肉
Roasted Red Potato Wedges ,烤红薯条（素）,烤红薯条
Ice Cream Bar,冰淇淋吧,冰淇淋
Hot Fudge Sauce,热软糖,热软糖
Caramel,焦糖,焦糖
Rainbow Sprinkle,彩虹洒,彩虹糖
Candy Assorted Mini Size,糖果分类迷你尺寸,迷你尺寸糖果
Lemon Cake with Raspberry Filling ,柠檬蛋糕用覆盆子馅（素）,柠檬蛋糕配覆盆子馅
Carrot Sticks ,胡萝卜棒（素）,胡萝卜棒
Sausage and Potato Breakfast Casserole,香肠和土豆早餐砂锅,香肠和土豆早餐砂锅
Scrambled Eggs with Sauteed Veggies ,炒鸡蛋（S）,鸡蛋炒蔬菜
English Muffin Sandwich,英国松饼三明治,英格兰酥饼三明治
Dried Cranberry Scone ,干蔓越莓（素）,小红莓干英式松饼
Baby Greens w/Roasted Beets Salad ,宝贝绿色w /烤甜菜沙拉（素）,绿色烤甜菜沙拉
Green & Yellow Bean Salad ,绿色,绿豆和黄豆沙拉
Chicken Teriyaki Quarters,鸡Teriyaki宿舍,照烧鸡块
Thai Beef with Mint Soup,泰国牛肉与薄荷汤,泰式牛肉薄荷汤
Tofu Lemon Ginger Stir Fry ,豆腐柠檬姜搅拌炒（素）,豆腐柠檬拌姜炒饭
Carrots with Chive Butter ,胡萝卜与韭菜黄油（素）,胡萝卜与韭菜黄油
California Roll,加州卷,加州卷饼
Vegetable Roll ,蔬菜卷（素）,蔬菜卷
Corn Muffin ,玉米松饼（素）,玉米松饼
Angel Food Cake  ,天使食品蛋糕（w /坚果）（素）,坚果蛋糕
Oatmeal Lace Cookies ,燕麦饼干（素）,燕麦饼干
Baby Greens w/Roasted Beets ,宝贝绿色w /烤甜菜（素）,烤甜菜
Brussel Sprouts w/ Ginger & Garlic ,Brussel Sprouts w /姜,甘蓝小包菜配姜蒜
Carrot & Raisin Salad ,胡萝卜,胡萝卜配葡萄干沙拉
Beef Chow Mein,牛肉炒面,牛肉炒面
Vegetable Chow Mein ,蔬菜炒面（素）,蔬菜炒面
Sandwich Chicken Salad/Pita,三明治鸡肉沙拉/皮塔饼,三明治鸡肉沙拉/皮塔饼
Chili and Noodles ,辣椒和面条（素）,辣椒面
Sauteed Zucchini ,西葫芦（素）,香煎西葫芦
Smoked Barbeque Chicken Pizza,烟熏烧烤鸡披萨,烟熏烤鸡披萨
Pineapple & Jalapeno Pizza on Wheat ,菠萝,菠萝辣椒披萨
Carrot And Ginger Soup ,胡萝卜和姜汤（素）,胡萝卜姜汤
Grilled Swiss/Bacon on Sourdough,烧烤瑞士/培根在Sourdough,烤瑞士芝士/培根
Graham Bread ,格拉姆面包（素）,格拉姆面包
Cheesecake Bar  ,芝士蛋糕酒吧（w /坚果）（素）,芝士蛋糕块
Oatmeal Chocolate Chip Cookie ,燕麦巧克力饼干（素）,燕麦巧克力曲奇
Armenian Salad ,亚美尼亚沙拉,美式沙拉
Couscous Salad with Tomato & Herb ,椰子沙拉配番茄,麦粉沙拉配番茄和芳草
Tofu Vegetable Stir Fry ,豆腐蔬菜炒（素）,豆腐蔬菜盖浇饭
Grilled Ham,烤火腿,烤火腿
Stuffed Zucchini ,西葫芦（素）,香煎西葫芦
Baked Acorn Squash ,烘焙橡子南瓜（素）,烘烤橡子碎
Fresh Spinach with Garlic ,新鲜菠菜与大蒜（素）,蒜蓉菠菜
Roasted Pepper Tomato Sausage Sauce,烤胡椒番茄香肠酱,烤番茄香肠酱配胡椒粉
Vermicelli Pasta,粉丝面食,意式细面
Marinara Sauce ,马里纳拉酱,番茄大蒜调味酱
Cookies' Cream Cake ,饼干奶油蛋糕（素）,曲奇奶油蛋糕
Whole Wheat Roll ,全麦卷（素）,全麦卷
Grilled Chicken Vincenza Sandwich,烤鸡Vincenza三明治,意式烤鸡三明治
Pork Sopes,猪肉袜,蘸酱猪肉
Avocado & Tomato Salsa ,鳄梨,鳄梨土豆辣沙司
Sausage Pizza,香肠披萨,香肠披萨
Marinara Sauce with Chicken,马里纳拉酱与鸡肉,鸡肉配番茄大蒜酱
Tomato Cream Sauce ,番茄酱酱（素）,番茄奶油酱
Fusilli Buscatti Pasta ,Fusilli Buscatti面食（素）,意式螺旋面
Grilled Turkey/Swiss/Sourdough Sandwich,烤火鸡/瑞士/ Sourdough三明治,烤火鸡/瑞士芝士/酵母面团三明治
Yogurt Potato Salad ,酸奶土豆沙拉（素）,酸奶土豆沙拉
Quinoa Black Bean Salad ,藜麦黑豆沙拉（素）,藜麦黑豆沙拉
Italian Butter Cookies (c.n.),意大利黄油饼干（c.n.）,意大利黄油曲奇
Strawberry Bread ,草莓面包（素）,草莓面包
Roast Beef,烤牛肉,烤牛肉
Vegetable Lasagna ,蔬菜烤宽面条（素）,意式蔬菜宽面
Chicken Nachos,鸡肉玉米片,鸡肉辣味玉米片
Spicy Chicken Stir Fry with Vegetables,辣鸡炒蔬菜,辣鸡肉蔬菜盖浇饭
Teriyaki Tofu Rice Bowl ,Teriyaki豆腐米饭（素）,日式照烧豆腐饭
Tres Leches Cake with Strawberries,Tres Leches蛋糕与草莓,草莓蛋糕
Wrap Chicken Chipotle,辣椒鸡肉卷,墨西哥烟椒鸡肉卷
Sausage Patty,香肠帕蒂,香肠肉饼
Croissants ,羊角面包（素）,羊角面包
Pumpkin Muffin  ,南瓜松饼（w /坚果）（素）,南瓜松饼
Omelet To Order,煎蛋卷订购,点煎鸡蛋
Spicy Kale Caesar,辣辣仁凯撒,辣甘蓝凯撒沙拉
Asparagus/Mushroom/Radicchio Salad ,芦笋/蘑菇/萝卜沙拉（素）,芦笋/蘑菇/菊苣沙拉
Hot Italian Sausage Sandwich,热意大利香肠三明治,热意大利香肠三明治
Chicken Enchilada with Green Sauce,鸡Enchilada与绿酱,辣椒鸡肉玉米卷饼配绿汁
Cashew Vegetable Tofu  ,腰果蔬菜豆腐（w /坚果）（素）,腰果蔬菜豆腐
Minestrone Soup ,Minestrone汤（素）,意式蔬菜浓汤
Meat Lovers Pizza,肉类恋人披萨,烤肉披萨
Sundried Tomato Roll ,晒干的番茄卷（素）,干番茄卷
Toll House Bars ,收费酒吧（素）,软曲奇
Chocolate Pudding ,巧克力布丁（素）,巧克力布丁
Spicy Tuna Sushi Roll,辣金枪鱼寿司卷,辣金枪鱼寿司卷
Sustainable Pixie Tangerine,可持续的小精灵橘子,小柑橘
Sauteed Fresh Spinach ,炒蔬菜（素）,炒菠菜
BBQ Chicken,烧鸡,烤鸡
Ginger Beef Stir Fry with Rice,姜牛肉炒饭炒饭,生姜牛肉盖浇饭
Vegetable Empanadas ,蔬菜Empanadas（素）,蔬菜肉馅卷饼
Steamed Red Potatoes with Parsley ,蒸欧式红薯（素）,欧芹蒸红薯
Chicken and Mushroom Marinara Sauce,鸡肉和蘑菇马里纳拉酱,鸡肉蘑菇番茄大蒜酱
Spicy Marinara Sauce ,辣马林酱（素）,辣番茄大蒜酱
Bowtie Pasta ,Bowtie Pasta（素）,意大利通心粉
Whole Wheat Flour Tortilla ,全麦面粉玉米饼（素）,全麦面粉玉米饼
Burrito Bar,炸酒吧,面卷饼块
Jalapeno Cornbread ,Jalapeno玉米面包（素）,辣玉米面包
Coconut Cake  ,椰子蛋糕（w /坚果）（素）,椰子蛋糕
Daikon Sushi Roll ,Daikon寿司卷（素）,萝卜寿司卷
Ratatouille w/ White Beans ,Ratatouille w /白豆（素）,普罗旺斯杂烩/白豆
Scrambled Eggs with Cheese ,奶酪炒鸡蛋（素）,芝士炒鸡蛋
zBreakfast Sandwich ,zBreakfast三明治（素）,早餐三明治
Orange Cinnamon Swirl Bread ,橙色肉桂漩涡面包（素）,橙子肉桂漩涡面包
Lemon Poppy Seed Bread ,柠檬罂粟种子面包（素）,柠檬罂粟种子面包
Tossed Italian Salad ,吐出的意大利沙拉（素）,意大利沙拉
Brazilian Black Bean Salad ,巴西黑豆沙拉（素）,巴西黑豆沙拉
Chicken Salad,鸡肉沙拉,鸡肉沙拉
Swiss Cheese ,瑞士奶酪（素）,瑞士奶酪
Spaghetti with Meatball Sauce,肉丸酱意粉,意式细面配肉丸酱
Italian Quinoa ,意大利藜（素）,意大利藜
Spinach Stir Fried with Garlic ,菠菜炒大蒜（素）,菠菜炒大蒜
Peas with Onions ,豌豆与洋葱（素）,洋葱炒豌豆
Tuscan Kale Soup with Chorizo,托斯卡纳风味汤与Chorizo,意式风味浓汤配辣味香肠
Banana Chocolate Chip Cookie ,香蕉巧克力饼干（素）,香蕉巧克力曲奇
Blonde Brownie  ,金发布朗尼（w /坚果）（素）,布朗尼蛋糕
Coleslaw for Sandwich ,三明治凉拌卷心菜（五）,凉拌卷心菜三明治
Honey Baked Ham,蜂蜜烤火腿,蜂蜜烤火腿
Mushroom & Eggplant Stroganoff ,蘑菇,炒蘑菇茄子
Egg noodles ,蛋面（素）,鸡蛋面
Roasted Carrots ,烤胡萝卜（素）,烤胡萝卜
Gaucho Chili,高胡辣椒,gaucho辣椒
Shredded Parmesan Cheese,切碎的巴马干酪,帕尔马干酪碎
Chopped Green Onion ,切碎的洋葱（素）,洋葱碎
Guacamole ,鳄梨酱（素）,鳄梨酱
Breaded Chicken Strips,面包鸡条,滚面包屑炸鸡肉条
Honey Mustard Dressing ,蜂蜜芥末酱（素）,蜂蜜芥末沙拉酱
Smokey Barbecue Sauce,烟熏烧烤酱,烟熏烧烤酱
Homemade Ranch Dressing ,自制牧场敷料（素）,自制农场沙拉酱
Sweet & Sour Sauce ,甜,酸甜酱
Wheat Germ Bread ,小麦面包（素）,小麦芽面包
Cream Cheese Brownie Pie ,奶油奶酪布朗尼馅饼（素）,奶油芝士布朗尼派
Strawberry Pancakes ,草莓煎饼（素）,草莓煎饼
Applesauce Bread  ,苹果面包（w /坚果）（素）,苹果沙司面包
Pasta Salad with Smoked Salmon,意大利面沙拉配烟熏三文鱼,烟熏三文鱼意面沙拉
Sweet & Sour Tofu/Veggies  ,甜,酸甜豆腐/蔬菜
Beef and Bean Tostada,牛肉和豆Tostada,牛肉豆子炸玉米粉卷饼
Vegetable Tostada Bowls,蔬菜Tostada碗,蔬菜炸玉米粉卷饼
Corn with Red Peppers ,红辣椒玉米（素）,红胡椒玉米
Danish Cauliflower Cheese Soup ,丹麦花椰菜芝士汤（素）,丹麦花椰菜芝士汤
Grilled Swiss & Tomato on Wheat ,烤瑞士人,烤瑞士芝士土豆
Baba au Rum ,巴巴澳门（素）,甜酒浸蛋糕
White Choc Macadamia Cookie  ,白巧克力澳洲坚果（w /坚果）（素）,白巧克力坚果曲奇
Noodles ,面条（素）,面条
Turkey & Vegetable Stir Fry,火鸡,火鸡蔬菜盖浇饭
Roast Leg of Pork,烤猪腿,烤猪腿
Corn on the Cob ,玉米在Cob（素）,玉米
Roasted Potato Wedges ,烤土豆楔子（素）,烤土豆楔子
Three Grain Rice Pilaf  ,三粒米饭（w /坚果）（素）,谷物肉饭
Sesame Green Beans ,芝麻绿豆（素）,芝麻绿豆
Peas And Carrots ,豌豆和胡萝卜（素）,豌豆胡萝卜
Mexican Chocolate Cake ,墨西哥巧克力蛋糕（素）,墨西哥巧克力蛋糕
Tomato Soup w/Fresh Vegetables ,番茄汤和新鲜蔬菜（素）,番茄鲜蔬汤
Spicy Citrus Turkey Stir Fry,辣柑橘土豆搅拌炒,辣柑橘拌火鸡
Ginger Beef Pepper Steak,姜牛肉牛排,生姜胡椒牛排
Polenta with Marinara Sauce ,玉米粥与马里纳拉酱（素）,谷物粥拌马里那拉酱
Fresh Tomato Basil Sauce ,新鲜番茄罗勒酱（素）,鲜番茄罗勒酱
Blueberry Muffin Square ,蓝莓松饼块（素）,蓝莓松饼块
Vegetable Noodle Soup ,蔬菜面汤（素）,蔬菜面汤
Grilled Chicken w/ Ginger,烤鸡肉/姜,姜烤鸡肉
Fusili and Cheese Casserole ,法西利和芝士砂锅（素）,螺旋面芝士焙盘
Beef Tostada,牛肉Tostada,牛肉炸玉米粉圆饼
Quesadilla w/Roasted Poblano Chile ,Quesadilla w /烤Poblano智利（素）,油炸玉米粉饼/烤青红椒
Kahlua Chocolate Cake ,Kahlua巧克力蛋糕（素）,香甜咖啡酒巧克力蛋糕
Cheese Quesadilla ,奶酪蛋糕（素）,芝士蛋糕
Cranberry Orange Bread  ,蔓越莓橙面包（w /坚果）（素）,蔓越莓橙子面包
Colorful Confetti Coleslaw ,五彩五彩纸卷饼（素）,缤纷糖果拌卷心菜
Cajun Fish,Cajun鱼,香辣鱼
Vegetable Chili ,蔬菜辣椒（素）,蔬菜红椒
Mushroom Barley Soup,蘑菇大麦汤,蘑菇大麦汤
Patty Melt,帕蒂熔体,牛肉片
Vegetarian Patty Melt ,素食馅饼（素）,素食馅饼
Apple Cinnamon Pancakes ,苹果肉桂煎饼（素）,苹果肉桂薄饼
Whole Wheat Apple Nut Muffin ,全麦苹果坚果松饼（w /坚果）（素）,全麦苹果坚果松饼
Chinese Chicken with Summer Vegetables,中国鸡与夏季蔬菜,中式鸡配夏季时蔬
Vegetable Egg Roll ,蔬菜蛋卷（素）,蔬菜蛋卷
Ham & Cheese,火腿,芝士火腿
Pesto and Vegetable Pizza on Wheat ,小茴香和蔬菜披萨饼（素）,蒜香沙司蔬菜披萨
Rosemary Roll ,迷迭香卷（素）,迷迭香卷
Fresh Baked Acorn Squash Quarters ,新鲜的橡果壁龛（素）,鲜焙碎橡果块
Pulled Pork Sandwich,拉猪肉三明治,猪肉三明治
Baby Carrots ,婴儿胡萝卜（素）,迷你胡萝卜
Chicken Sope,鸡精灵,鸡肉玉米饼
Fresh Marinated Vegetable Salad ,新鲜腌制蔬菜沙拉（素）,鲜制蔬菜沙拉
Mozzarella Cheese ,莫扎雷拉奶酪（素）,莫扎雷拉芝士
Fiery Spiced Potatoes ,火鸡五香（素）,香烤土豆
Chicken Sandwich on Sesame Bun,鸡三明治芝麻面包,芝麻面包鸡肉三明治
Egg Sausage Biscuit Sandwich w/Cheese,蛋香肠饼干三明治带奶酪,鸡蛋香肠饼干三明治可带奶酪
Raspberry White Choc Muffin ,覆盆子白c松饼（素）,山莓白巧克力松饼
Bowtie Pasta with Summer Vegetables,Bowtie面食与夏季蔬菜（素）,意大利通心粉配夏季时蔬
Pot Roast,炖肉,炖肉
Roasted Root Vegetables ,烤根蔬菜（素）,烤根块类蔬菜
Beef Chili Sauce with Beans,牛肉辣椒酱与豆类,牛肉辣椒酱配豆子
Sauerkraut ,酱油（素）,德国酸菜
Sweet Pickle Relish,甜腌咸味,甜腌开胃菜
Brownie Pie ,布朗妮饼（素）,布朗尼派
Vegetable Teriyaki Rice Bowl ,蔬菜Teriyaki饭碗（素）,蔬菜照烧盖浇饭
Macaroni Goulash,通心粉果汁,蔬菜牛肉通心粉
Georgeyinhaos Vegetable Taco ,Georgeyinhaos蔬菜薄饼卷（素）,蔬菜薄玉米卷
Olive Mushroom Pizza on White ,橄榄蘑菇披萨白色（素）,橄榄蘑菇披萨
Pozole with Condiments,Pozole调味品,墨西哥浓汤
Grilled Tuna & Cheese on Sourdough,烤金枪鱼,烤金枪鱼披萨
Lemon Glazed Cookie ,柠檬釉面饼干（素）,柠檬曲奇
Irish Soda Bread ,爱尔兰苏打面包（素）,爱尔兰苏打面包
Chicken Musroom Picatta Pasta,鸡肉肉饼Picatta面食,鸡肉蘑菇意面
Teriyaki & Broccoli Beef,照烧,照烧西兰花牛肉
Grilled Mozzarella & Basil Sandwich ,烤不干酪,烤干酪罗勒三明治
Thai Noodle Salad ,泰式面条沙拉（坚果）,泰式面条沙拉
Killer Brownie ,杀手布朗妮（素）,杀手布朗尼蛋糕
Sweet & Sour Glazed Chicken,甜,酸甜釉鸡
Pineapple Rice ,菠萝饭（素）,菠萝饭
Turkey Hard Taco,火鸡硬玉米饼,火鸡炸玉米饼
Chilaquiles de Queso (No Egg) ,（无鸡蛋）（素）,奶酪玉米饼
French Peach Crumb Pie,法国桃子馅饼,法国桃子馅饼
Grilled Turkey Sandwich w/Swiss on Wheat,烤火鸡三明治w /瑞士小麦,烤火鸡三明治
Oatmeal Raisin Bar  ,燕麦片（w /坚果）（素）,燕麦块
Texas Style French Toast,德州风味法式吐司,德州风味法式吐司
Tri Tip Sandwich,三提三明治,烤切片牛肉三明治
Crisp Mixed Berry ,酥脆混合浆果（素）,香脆混合浆果
Salisbury Steak with Mushroom Gravy,索尔兹伯里牛排配蘑菇肉汁,牛肉饼配蘑菇鸡肉汁
Homemade Orange Chicken,自制橙鸡,自制陈皮鸡
Pot Stickers ,锅贴（素）,锅贴
Fresh Pesto ,新鲜香肠（素）,鲜松子青酱
Glazed Raisin Bread ,釉面葡萄干面包（素）,葡萄干面包
Chicken Curry Salad ,鸡肉咖喱沙拉（含坚果）,鸡肉咖喱沙拉
Hot Turkey Sandwich,热火鸡三明治,热火鸡三明治
Miso Broth ,味噌汤（素）,味增汤
Oatmeal Raisin Quinoa Cookie ,燕麦饼干（素）,燕麦曲奇
Ginger Pepper Steak,姜辣椒牛排,姜汁胡椒牛排
Taco Rajas ,塔科拉贾斯,墨西哥炸玉米饼
Homemade Devilyinhaos Food Cake ,自制Devilyinhaos食物蛋糕（素）,自制Devilyinhaos蛋糕
Apple Bishopyinhaos Coffee Cake ,苹果Bishopyinhaos咖啡蛋糕（素）,苹果咖啡蛋糕
Cucumber & Onion Salad ,黄瓜,黄瓜洋葱沙拉
Green Bean Almondine  ,绿豆杏仁（w /坚果）（素）,绿豆杏仁
Miso Broth with Udon Noodles ,乌斯面食味噌肉汤（素）,味增汤配乌冬面
Pao de Queijo ,保德奎约（素）,奶酪面包
Peanut Butter Fudge Cupcake  ,花生酱软糖蛋糕（w /坚果）（素）,花生酱软糖蛋糕
Broccoli Almond Salad  ,西兰花杏仁沙拉（w /坚果）（素）,西兰花杏仁沙拉
Teriyaki Chicken Rice Bowl,Teriyaki鸡饭碗,照烧鸡肉饭
Grilled Snapper,烤鲷鱼,烤鲷鱼
Garlic & Caper Butter Sauce ,大蒜,大蒜水瓜柳黄油酱
Vietnamese BBQ Beef Sub,越南烧烤牛肉,越南烧烤牛肉
Chicken Mole Enchiladas,Mole酱鸡肉卷,莫勒酱鸡肉卷
Ham and Pineapple Pizza,火腿和菠萝披萨,火腿菠萝披萨
Fettuccine Alfredo ,Fettuccine Alfredo（素）,奶油意式宽板面
Adobo Sauce ,Adobo酱（素）,酸甜调味酱
Chocolate Chip Pancakes ,巧克力薄煎饼（素）,巧克力薄饼
Sub Sandwich,子三明治,三明治
Chicken Tettrazini,鸡Tettrazini,脆皮鸡
Pesto Pizza ,Pesto披萨饼（素）,蒜香沙司披萨
Rosemary Focaccia Bread,迷迭香Focaccia面包,迷迭香香草橄榄油面包
Black & White Brownie ,黑色,黑白布朗尼蛋糕
Carrot Cake Cupcake  ,胡萝卜蛋糕蛋糕（w /坚果）（素）,胡萝卜蛋糕
Chicken Char Siu,烤酥鸡,烤酥鸡
Moo Shu Bar,摩朔酒吧,木须块
Turkey Moo Shu,火鸡Moo Shu,火鸡木须
Vegetable Moo Shu ,蔬菜Moo Shu（素）,蔬菜木须
Teriyaki Beef Sushi Roll,Teriyaki牛肉寿司卷,照烧牛肉寿司卷
Curry Cauliflower Salad  ,咖喱花椰菜沙拉（w /坚果）（素）,咖喱花椰菜沙拉
Spicy Italian Wrap,辣意大利卷,辣意大利卷
Herb Marinated Chicken Breast Sandwich,草药腌制鸡胸肉三明治,草药腌制鸡胸肉三明治
Dijon Mustard,第戎芥末,法式芥末糊
Peach Pie s ,桃饼（w /坚果）（素）,桃子派
Roast Turkey Breast,烤火鸡胸,烤火鸡胸
Spinach And Feta Turnover ,菠菜和奶油周转（素）,菠菜乳酪卷饼
Fresh Cranberry Sauce ,新鲜蔓越莓酱（素）,新鲜蔓越莓酱
Cajun Rice,Cajun Rice,香辣饭
Mid Western Coleslaw ,中西部大肠杆菌（素）,中西部凉拌卷心菜
Organic Sharlyn Melon,有机沙林甜瓜,沙林沙拉
Orange Nut Muffin  ,橙螺母松饼（w /坚果）（素）,英格兰坚果松糕
Pork Fusion Salad,猪肉融合沙拉,猪肉混合沙拉
Korean Sriracha Beef Wrap,韩国鱿鱼牛肉卷,韩国牛肉卷
Vegetable Stromboli ,蔬菜Stromboli（素）,蔬菜卷饼
Milky Way Brownie Bite ,银河系（B）,牛奶布朗尼蛋糕
Chickpea Thumbprint Cookie s ,鹰嘴豆拇指饼干（w /坚果s（素）,鹰嘴拇指小瓶干
Spanish Rice w/Roasted Corn ,西班牙米饭/烤玉米（素）,西班牙米饭／烤玉米
Grilled Zucchini & Tomatoes ,烤西葫芦,烤西葫芦／烤西红柿
Roasted Mixed Vegetables ,烤混合蔬菜（素）,烤蔬菜
Black Beans w/Brown Rice & Cilantro,黑豆/糙米,黑豆／糙米
Spicy Shrimp Sushi,辣虾寿司,辣虾寿司
Asparagus & Egg Roll ,芦笋,芦笋蛋卷
Vegetarian Cuban Sandwich ,素食古巴三明治（素）,古巴蔬菜三明治
Chimichurri Sauce ,Chimichurri酱（素）,阿根廷辣酱
Mushroom Ragout Over Herb Polenta ,蘑菇R out草莓（素）,蘑菇粥
Sweet Potato & Apple Stuffing,甘薯,甘薯／苹果馅
Tunisian Swai,突尼斯Swai,突尼斯Swai鱼
Pesto Zucchini Soup ,西葫芦汤（素）,青酱配西葫芦汤
Tomato Pesto Pizza on Wheat Crust ,番茄酱小麦地皮披萨（素）,番茄青酱全麦披萨
Tossed Italian Greens ,意大利绿党（素）,意大利混合蔬菜
Cinnamon and Sugar Muffin ,肉桂和糖松饼（素）,肉桂松糕
Spicy Vegetable Stir Fry ,辣蔬菜炒（素）,辣炒蔬菜
Banana Nut Cake  ,香蕉坚果蛋糕（w /坚果）（素）,香蕉配坚果蛋糕
Seedless Red Grape,无核红葡萄,无籽红葡萄
Caprese Flatbread w/Balsamic Redux ,Caprese薄饼w / Balsamic Redux（素）,卡普路饼／葡萄酒醋
Greek Tomato Sauce,希腊番茄酱,希腊番茄酱
Fried Potato with Onion ,炒土豆与洋葱（素）,洋葱炒土豆
Apple Chutney ,苹果酸辣酱（素）,苹果酸辣酱
Chimichurri Steak Ancient Grains Bowl,Chimichurri牛排古代谷物碗,阿根廷谷物牛排
Peas ,黄豆（素）,豌豆
Cheese Tortellini ,奶酪Tortellini（素）,意式芝士饺
Fresh Pesto Sauce ,新鲜酱油（素）,鲜香蒜酱
Ground Beef Marinara Sauce,地面牛肉马里纳拉酱,牛肉酱蒜
Hamburger,汉堡包,汉堡包
Garden Veggie Burger ,花园素食汉堡（素）,素食汉堡
Grilled Cheese Sandwich ,烤奶酪三明治（素）,烤奶酪三明治
Chicken Noodle Soup,鸡肉面条汤,鸡肉面条汤
Roasted Garlic Bread ,烤蒜面包（素）,烤蒜面包
Chocolate Raspberry Cake ,巧克力蛋糕（素）,巧克力红梅蛋糕
Organic Mixed Spring Lettuce,有机混合春莴苣,有机混合春莴苣
Cauliflower Florette,花椰菜Florette,花菜
Red Bell Pepper,红柿子椒,红灯椒
Baked Oatmeal w/ Apples & Cinnamon ,烤苹果燕麦粥,烤苹果燕麦肉桂粥
Huevos Rancheros ,Huevos Rancheros（素）,煎蛋卷
Energy Bar ,能量棒（w /坚果）,能量棒
Festive Rice Salad ,节日米饭（素）,米饭沙拉
Tomato And Mozzerella Salad ,番茄和弥勒沙拉（素）,番茄和弥勒沙拉
Roasted Red Pepper Hummus ,烤红辣椒（素）,烤椒豆泥
Spanish Tortilla ,西班牙玉米饼（素）,西班牙玉米饼
Green Beans ,绿豆（素）,绿豆
Potato Cheese Soup ,土豆奶酪汤（素）,土豆奶酪汤
Steamed Fresh Carrots ,蒸新鲜胡萝卜（素）,蒸新鲜胡萝卜
Asian Spicy Peanut Wrap ,亚洲辣花生卷（素）,亚洲辣花生卷
Vegetable Moussaka ,蔬菜穆萨卡（素）,蔬菜穆萨卡
Cherry Tomato Goat Cheese Herb Pizza ,樱桃番茄山羊奶酪香草披萨（素）,樱桃番茄山羊奶酪蔬菜披萨
Onion & Jalapeno Pizza on Wheat ,洋葱,洋葱胡椒披萨
Chipotle Bean Flauta ,Chipotle Bean Flauta（素）,炒豆卷
Grilled Cheese /Tom & Herbs on Wheat ,烤奶酪/汤姆,烤奶酪／番茄蔬菜小麦包
Cowboy Cookie Bar ,牛仔饼干吧（素）,牛仔夹心饼干
Garlic French Bread ,大蒜法式面包（素）,大蒜法式面包
French King Cake  ,法国国王蛋糕（素）（w /坚果）,法国国王蛋糕
Fried Egg Korma with Rice ,米饭炒鸡蛋（素）（w /坚果）,咖喱炒蛋饭
Vegetable Stir Fry ,蔬菜炒（素）,快炒蔬菜
Brown Rice Artichoke Casserole ,糙米朝鲜蓟砂锅（素）,糙米洋蓟砂锅
Arabiata  ,阿拉伯数（w /坚果）（素）,蒜蓉番茄红辣椒酱
Spanakopita ,Spanakopita（素）,希腊派
Sauteed Cabbage & Carrots ,炒卷心菜,希腊式馅饼
Mushroom Strogonoff,蘑菇Strogonoff,牛肉炖蘑菇
Fasolada Soup ,Fasolada汤（素）,绿豆汤
Spirals with Marinara Sauce ,与Marinara酱（素）的螺旋,意式番茄酱面条
Peach Cobbler ,酥皮桃子馅饼（素）,酥皮桃子馅饼
Whole Wheat Sourdough Bread ,全麦面包（素）,全麦酵母面包
Curry Chicken Soup,咖喱鸡汤,咖喱鸡汤
Beef Caesar Wrap,牛肉凯撒裹,可萨牛肉卷
Cut Green Beans ,切绿豆（素）,绿豆切丁
Chicken Taco,鸡肉炸玉米饼,墨西哥鸡肉卷
Black Bean & Rice Quesadilla ,黑豆,黑豆饭卷
Rice with Corn & Roasted Chiles ,玉米饭,烤椒玉米饼
Roasted Tomato and Chile Salsa ,烤番茄和智利莎莎（素）,烤番茄和萨尔萨辣酱
Greek Pizza ,希腊披萨（素）,希腊披萨
Tomato Basil Pizza ,番茄罗勒披萨（素）,番茄罗勒披萨
Chinese Chicken w/Spring Vegetables,中国鸡肉/春季蔬菜,中式鸡肉／春季蔬菜
Char Burger,烤肉汉堡,烤肉汉堡
Grilled Mozzarella/Tom on 100% Wheat ,100％小麦上的烤烟酪/汤姆（素）,全麦烤奶酪
Fresh Garden Pasta Salad ,鲜花面食沙拉（素）,素面食沙拉
Potato Roll ,土豆卷（素）,土豆卷
Snickerdoodle ,Snickerdoodle（素）,糖果曲奇
Peanut Butter Bar  ,花生酱酒吧（w /坚果）（素）,花生黄油棒
Diced Tomatoes,切丁西红柿,切丁西红柿
Blackened Fish,黑化鱼,香煎鱼
French Cut Green Beans ,法语切绿豆（素）,法式绿豆
Herb Polenta w/ Mushroom Ragout ,草甘膦与蘑菇Ragout（素）,蔬菜蘑菇粥
Beef Chorizo Quesadilla,牛肉Chorizo\u200b\u200b Quesadilla,牛肉香肠油炸玉米饼
Ricotta Chile Enchilada ,丽台智利Enchilada（素）,意大利乳清干酪智利卷饼
Fresh Tomato Salsa ,新鲜番茄酱（素）,新鲜番茄萨尔萨辣酱
Tomato Pesto Pizza ,番茄酱披萨饼（素）,番茄酱披萨
Beef Pad Thai ,牛肉泰国面（w /坚果）,泰式牛肉粉
Vegetable & Tofu Kung Pao  ,蔬菜,宫保豆腐
Devil's Food Cake w/Cream Chz Icing ,Devilyinhaos食物蛋糕/奶油Chz结冰（素）,恶魔芝士蛋糕
Grilled Cheese Sandwich on WW ,WW（素）烤芝士三明治,烤芝士三明治
Grilled Turkey & Swiss Sandwich,烤火鸡,烤火鸡&瑞士三明治
Brownie ,布朗妮（素）,"核仁巧克力蛋糕
"
Orange Cinnamon Bread French Toast,橙肉桂面包法国吐司（素）,肉桂面包法式吐司
Grilled Ham Steaks,烤牛排牛排,铁排火腿
Chocolate Chip Scone ,巧克力碎片（素）,巧克力烤饼
Sweetened Coconut Flake,甜椰子片,甜椰子片
Fresh Green Bean Salad ,新鲜绿豆沙拉（素）,新鲜绿豆沙拉
Turkey Meatloaf with Chipotle Glaze,火鸡肉饼与Chipotle釉,火鸡肉和辣椒
Mashed Yam ,泥泞的（素）,芋泥
Beef Burrito,牛肉卷饼,牛肉卷饼
Chile Relleno Casserole ,智利Relleno砂锅（素）,
Potato Leek Soup ,土豆韭菜汤（素）,土豆韭菜饼
BLT Panini,BLT帕尼尼,培根生菜番茄三明治
Sourdough Roll ,酸奶卷（素）,酵母卷
Orange Glazed Cookie ,橙色釉面曲奇饼（素）,橙色釉面曲奇饼
Banana Chocolate Chip Bread ,香蕉巧克力面包（素）,香蕉巧克力面包
Asparagus & Egg Sushi Roll ,芦笋,芦笋鸡蛋寿司卷
Jack Cheese ,杰克奶酪（素）,杰克奶酪
Black Bean,黑豆,黑豆
Beef Lasagna,牛肉烤宽面条,牛肉烤宽面条
Breaded Pork Chops,面包猪排,猪排面包
Vegetable Taco ,蔬菜薄饼卷（素）,蔬菜薄饼卷
Honey Spiced Sweet Potatoes ,蜂蜜五香甘薯（五）,蜂蜜甜辣土豆
Mixed Vegetables ,混合蔬菜（素）,混合蔬菜
Sauteed Butternut Squash ,炒鱿鱼（素）,炒南瓜
Vegetable Beef Soup,蔬菜牛肉汤,蔬菜牛肉汤
Marinara Sauce with Shrimp,马里纳拉酱与虾,海员沙司虾酱
Rotelli ,罗特利（素）,卷心粉
Waffle Bar,华夫饼吧,华夫饼
Blueberry Sauce ,蓝莓酱（素）,蓝莓酱
Tater Tots ,Tot Tots（素）,炸薯球
Strawberry Topping,草莓上衣,草莓顶料
Hot Fudge Topping,热软胶顶,软糖顶料
Heavy Cream,重霜,重奶油
Boston Cream Pie ,波士顿奶油馅饼（素）,波士顿奶油馅饼
Spicy Scallop Sushi Roll,辣扇贝寿司卷,辣扇贝寿司卷
Sustainable Tangerine,可持续的橘子,橘子
Sriracha Sauce,拉差辣酱,Sriracha辣酱
Scrambled Eggs with Ham & Cheese,炒鸡蛋搭配火腿,炒鸡蛋配火腿
Raspberry Pancakes ,覆盆子薄煎饼（素）,覆盆子煎饼
Ham & Cheese Omelet,火腿,火腿芝士煎蛋卷
Omelet,煎蛋卷,煎蛋卷
Diced Ham,火腿切丁,火腿切丁
Rasp Swirl Coffee Cake  ,蔷薇漩涡咖啡蛋糕（w /坚果）（素）,蔷薇漩涡咖啡蛋糕
Pinch Bread ,捏面包（素）,
Zucchini Salad w/Dill & Feta ,西葫芦沙拉有莳萝,西葫芦乳酪沙拉
Balsamic Chicken Quarters,香肠鸡舍,香肠鸡块
Broccoli Cheese Calzone ,西兰花芝士Calzone（素）,西兰花芝士馅饼
Whole Wheat Spaghetti ,全麦意大利面（素）,全麦意大利面
Seafood Risotto,海鲜烩饭,海鲜烩饭
Sweet Potato Curry ,红薯咖喱（素）,红薯咖喱
Basmati Rice ,巴斯马蒂米,印度香米
Asparagus with Lemon Butter ,柠檬黄油芦笋（素）,柠檬黄油芦笋
Chicken Burger,鸡肉汉堡,鸡肉汉堡
Vegetable Burger ,蔬菜汉堡（素）,蔬菜汉堡
New England Clam Chowder,新英格兰蛤蜊汤,新英格兰蛤蜊奶油浓汤
Whole Grain Blend  ,全麦混合（w /坚果）（素）,全麦坚果
Pinto Beans ,平豆（素）,斑豆
Whole Wheat Tortilla ,全麦麦片（素）,全麦玉米薄烙饼
Roasted Yam ,烤燕麦（素）,烤白薯
Goat Cheese & Tomato Panini ,山羊奶酪,山羊乳酪番茄意大利三明治
Wheat Germ Roll ,小麦胚芽卷（素）,小麦卷
Chocolate Chip Cookie ,巧克力饼干（素）,巧克力饼干
Zucchini Bread ,西葫芦面包（w /坚果）,西葫芦坚果面包
Calamari Sushi Roll,卡拉马里寿司卷,鱿鱼寿司卷
Sandwiches Grilled to Order,三明治烧烤订购,烤肉三明治（可订购）
American Cheese ,美国奶酪（素）,美国奶酪
Provolone Cheese ,Provolone Cheese（素）,意大利波萝伏洛干酪
Tuna Salad,金枪鱼沙拉,金枪鱼沙拉
Sliced Ham,切片火腿,切片火腿
Sliced Roast Beef,烤牛肉,切片烤牛肉
Salami Italian Dry,萨拉米意大利干,意大利蒜味腊肠
Roasted Chicken Breast,烤鸡胸肉,烤鸡胸肉
Miso Glazed Salmon,味噌釉面三文鱼,味增三文鱼
Potato Gorda with Black Beans ,黑豆土豆（素）,土豆与黑豆
Oven Browned Potatoes ,烤箱褐土豆（素）,烤土豆
Sauteed Zucchini with Garlic ,大蒜西葫芦（素）,大蒜西葫芦
Steamed Whole Baby Carrot ,蒸全胡萝卜（素）,蒸胡萝卜
Chickpea Vegetable Soup ,鹰嘴豆蔬菜汤,鹰嘴豆蔬菜汤
Marinara Sauce with Chicken & Zucchini,马里纳拉酱与鸡肉,意式番茄酱鸡肉与西葫芦
Roasted Pepper Marinara Sauce ,烤辣椒马里纳拉酱（素）,意式番茄酱烤辣椒
Rigatoni ,Rigatoni（素）,通心粉
Whole Wheat Penne Pasta ,全麦面包（素）,全麦尖管通心粉
Nacho Bar,纳乔吧,烤干酪辣味玉米片
Nacho Cheese Sauce ,纳乔奶酪酱（素）,烤干酪辣味玉米片与奶酪酱
Spiced Chicken,五香鸡,五香鸡
Chips Tortilla La Tolteca,薯片玉米饼La Tolteca,玉米片
Sliced Olive,切橄榄,橄榄片
Sliced Jalapeno Pepper,切胡椒辣椒,辣椒片
Green Onion,葱,葱
Sour Cream,酸奶油,酸奶油
Fresh Salsa,新鲜莎莎,新鲜墨西哥洋葱调味汁
Cornmeal Berry Cake ,玉米饼浆果（素）,浆果燕麦面包
Vegetable Sushi Roll ,蔬菜寿司卷（素）,蔬菜寿司卷
Soy Milk,豆浆,豆浆
Fruit Compote Salad ,水果沙拉（素）,糖渍水果沙拉
Spinach Mushroom Crepes ,菠菜蘑菇绉纱（素）,博采蘑菇薄饼
Strawberry Cream Crepe ,草莓奶油绉纱（素）,草莓奶油薄饼
Turkey Bacon,火鸡培根,火鸡培根
Fried Potatoes and Onions ,炒土豆和洋葱（素）,炸薯条与洋葱
Fried Eggs ,炸鸡蛋（素）,炸鸡蛋
Grilled Vegetable and Bean Burrito ,烤蔬菜和豆腐（素）,烤蔬菜与(豆子)玉米煎饼
Blueberry Turnover ,蓝莓营业额（素）,蓝莓半圆卷饼
Raspberry White Chocolate Muffin ,覆盆子白巧克力松饼（素）,覆盆子白巧克力松饼
Fresh Fruit Salad ,新鲜水果沙拉（素）,新鲜水果沙拉
Marinated Cucumbers w/ Tarragon ,腌制黄瓜w / Tarragon（素）,腌黄瓜与龙蒿叶
Roasted Broc Salad w/Fregola &Tahini ,烤Broc沙拉w/Fregola &Tahini ,烤花椰菜与鹰嘴豆泥
Egg Salad ,蛋沙拉（素）,鸡蛋沙拉
Corned Beef,肉牛肉,咸牛肉
Mole Chicken Drumstick,鼹鼠鸡鼓,烤制鸡腿
Chili Verde Chicken,辣椒鸡,辣椒鸡
Bean Rice & Cheese Burrito,糯米饭,豆子饭与奶酪玉米煎饼
Tomato & Roasted Corn Salsa ,番茄,番茄与烤玉米墨西哥调味汁
Pasta Bar,面食酒吧,意大利面
Spaghetti ,意粉（素）,意粉
Fettucine ,Fettucine（素）,黄油酱汁面条
Creamy Cajun Sauce ,奶油酱酱（素）,法国奶油酱
Sauce Marinara Sauce with Chicken,酱马里拉酱酱鸡,意大利番茄酱鸡
zChunky Marinara Sauce ,zChunky Marinara酱（素）,浓郁意大利番茄酱
Grilled Turkey Burger on Wheat w/Jack,烤火鸡汉堡在小麦w /杰克,烤火鸡包(小麦面包)
Malibu Burger ,马里布汉堡（素）,马里布汉堡
Jeffyinhaos Turkey Melt,Jeffyinhaos火鸡熔化,火鸡三明治
Steak Fries ,牛排薯条（素）,薯条
Whole Wheat Pasta with Olive Oil ,全麦面食橄榄油（素）,橄榄油全麦意大利面
Pizza Bread ,披萨面包（素）,披萨面包
Granola Crunch Cookie  ,（素）坚果（素）,坚果脆饼
Black and White Brownie ,黑白布朗妮（素）,黑白布朗尼蛋糕
Fresh Spinach,新鲜菠菜,新鲜菠菜
Lemon,柠檬,柠檬
Shredded Carrot,切碎的胡萝卜,碎胡萝卜
Red Cabbage,红卷心菜,红卷心菜
Broccoli Florette,西兰花Florette,西兰花
Cucumber,黄瓜,黄瓜
Cherry Tomato,圣女果（小番茄）,圣女果(小番茄)
Steamed Crookneck Squash ,蒸的Crookneck Squash（素）,蒸南瓜
Roasted Pear and Beet Salad,烤梨和甜菜沙拉,烤梨与甜菜沙拉
Snapper Vera Cruz,鲷鱼维拉克鲁兹,维拉克鲁斯鲷鱼
Vegetable Pot Pie ,蔬菜锅馅饼（素）,蔬菜馅饼
Rice with Cilantro & Onions ,米饭与香菜,米饭与香菜洋葱
Sauteed Kale & Collard Greens ,炒鱿鱼,嫩煎羽衣甘蓝
Fresh Vegetable Medley w/Spinach ,新鲜蔬菜混合物与菠菜（素）,新鲜蔬菜与菠菜
BBQ Chicken Sandwich,烧烤鸡三明治,烧烤鸡肉三明治
Asian Influenced Vegetable Wrap ,亚洲影响蔬菜卷（素）,亚洲蔬菜卷
Thai Coleslaw  ,泰国高丝布（w/坚果）（素）,泰国坚果凉拌卷心菜
Onion Rings ,洋葱圈（素）,洋葱圈
Taco Nacho Line,塔科纳豆线,墨西哥煎玉米卷与玉米片
Taco Shells,玉米饼,玉米卷饼
Fresh Tortilla Chips ,新鲜玉米饼（素）,新鲜玉米薄脆饼
Spiced Ground Turkey,五香火鸡火鸡,五香火鸡
Cheese Sauce ,奶酪酱（素）,奶酪酱
Chopped Lettuce and Tomato ,莴苣和番茄（素）,碎生菜与番茄
Shredded Cheddar and Jack Cheese ,切丝切丁和杰克奶酪（素）,碎切达干酪与杰克奶酪
Onion,洋葱,洋葱
Avocado Salsa ,鳄梨酱（素）,墨西哥牛油果调味汁
Fresh Cilantro,新鲜香菜,新鲜香菜
Lentil Soup ,扁豆汤,小扁豆汤
Cheese Bread,奶酪面包,奶酪面包
Marble Cake ,大理石蛋糕（素）,大理石蛋糕
Wild Rice Blend ,野稻混合（素）,菰米;野生稻米
Pancake ,煎饼（素）,薄烤饼
Eggs Benedict,鸡蛋本笃会,半熟鸡蛋
Hash Browns ,哈希布朗（素）,薯饼
Doughnut ,甜甜圈（素）,甜甜圈
Raspberry Swirl Coffee Cake s,覆盆子漩涡咖啡蛋糕（素）（w /坚果,覆盆子咖啡蛋糕卷
Whole Wheat Bread,全麦面包,全麦面包
Taco Salad,薄饼卷拉沙拉,墨西哥煎玉米卷沙拉
Spinach Pasta Salad ,菠菜面食沙拉（素）,菠菜意大利面沙拉
Grilled Vegetable ,烤蔬菜（素）,烤蔬菜
Sliced Cheddar Cheese ,切实切达干酪（素）,切达干酪片
Steamed Red Potatoes w/Parsley ,蒸的红薯与欧芹（素）,蒸红薯和欧芹
Bean & Cheese Wet Burrito ,豆,豆子芝士湿玉米饼
Bean and Cheese Tostada ,豆和奶酪Tostada（素）,豆子芝士炸玉米饼
Chicken Chimichanga,鸡Chimichanga,鸡肉墨西哥炸卷饼
Herb & Garlic Crusted Swai,草本植物,草本大蒜烤Swai鱼排
Italian Sub Sandwich,意大利小三明治,红洋葱
Red Sweet Onion,红洋葱,意大利小三明治
Beef Gyro,牛肉陀螺,牛肉三明治
Sauteed Crookneck Squash ,Sauteed Crookneck Squash（素）,干煎南瓜
Tuna Wrap,金枪鱼卷,吞拿鱼卷
Wild Mushroom Cream Sauce ,野生蘑菇酱（素）,野生蘑菇酱
Macaroni and Cheese ,通心粉和奶酪（素）,芝士通心粉
Watermelon,西瓜,西瓜
Pineapple,菠萝,菠萝
Asian Chicken Salad ,亚洲鸡肉沙拉（含坚果）,亚洲鸡肉沙拉
Cuban Panini,古巴帕尼尼,古巴帕尼尼
Poppyseed Cheese Onion Roll,罂粟奶酪洋葱卷,罂粟芝士洋葱圈
Whole Green Beans ,全绿豆（素）,绿豆
Char Grilled Pork Chops,烧烤猪排,烤猪扒
Vegetable Chimichanga ,蔬菜Chimichanga（素）,蔬菜鸡肉卷饼
Scrambled Eggs w/ Cheese & Mushroom ,炒鸡蛋/奶酪,芝士蘑菇炒鸡蛋
Carrot Bread  ,胡萝卜面包（w /坚果）（素）,胡萝卜面包
Swiss Chard & Herb Tart ,瑞士甜菜,瑞士香料馅饼
Wheat Berry Salad ,小麦浆果沙拉（素）,小麦浆果沙拉
Asian Pork & Green Bean Stir Fry,亚洲猪肉,亚洲猪肉炒绿豆
Green Apple Slaw ,绿苹果Slaw（素）,青苹果沙拉
Smoked Turkey Breast,烟熏火鸡胸,烟熏火鸡胸
BBQ Babyback Pork Ribs,烧烤宝宝背部猪排,烧烤猪扒
Smoked Beef Brisket,烟熏牛肉火腿,烟熏牛肉火腿
Roasted Corn on the Cob ,Cob上的烤玉米（素）,烤玉米
Grilled Ono with Fruit Salsa,烤小野菜与水果莎莎,烤野菜和水果莎莎酱
Four Cheese Pesto Pizza ,四奶酪馅饼披萨饼（素）,奶酪披萨
Vegetable Jalapeno Pesto Pizza on Wheat,蔬菜Jalapeno Pesto披萨饼在小麦上,蔬菜墨西哥胡椒披萨
Greek Pasta with Feta Tomato & Spinach,希腊面食与番茄番茄,希腊芝士意面
Grilled Ham & Cheese on Sourdough,烤火腿,烤芝士火腿
Grilled Chicken & Bean Burrito,烤鸡肉,烤火腿豆子玉米饼
Black Bean and Rice Burrito ,黑豆和米饭（素）,黑豆和米饭玉米饼
Hummus/Avo/Tom/Jack/Wheat Sandwich ,Hummus / Avo / Tom / Jack / Wheat三明治（素）,小麦三明治
Savory Rice ,咸味米（素）,咸味米
Chile Verde,智利佛得角,智利绿酱
Caddy Ganty Fish,球童甘地鱼,大比目鱼
Grilled Chicken Quarters w/Ginger,烤鸡舍/姜,生姜烤鸡
Stuffed Shells with Marinara ,与马里纳拉（素）,杂菜贝类
Peanut Butter Banana Cake  ,花生酱香蕉蛋糕（素）（w /坚果）,花生酱香蕉蛋糕
Cucumber Salad ,黄瓜沙拉（素）,黄瓜沙拉
Whole Grain Blend ,全粒混合（素）,全麦杂粮
Hummus ,Hummus（素）,鹰嘴豆泥
Ranch Potato Salad ,牧场马铃薯沙拉（素）,牧场土豆沙拉
Tangy Apple Cabbage Slaw ,丹麦苹果卷心菜（素）,苹果卷心菜沙拉
BBQ Pork Spare Rib,烤肉排骨,烧烤排骨
Alabama BBQ Sauce ,阿拉巴马烧烤酱（素）,阿拉巴马烧烤酱
South Carolina Rub ,南卡罗来纳州,南卡罗莱纳香料
Mustard BBQ Sauce ,芥末烧烤酱（素）,芥末烧烤酱
Carolina Pulled Pork Sandwich,卡罗来纳州拉猪肉三明治,卡罗莱纳猪肉三明治
Eech ,Eech（素）,美式小麦沙拉
Armenian Eggplant Salad,亚美尼亚茄子沙拉,亚美尼亚茄子沙拉
Armeninan Potato Salad,亚美尼亚土豆沙拉,亚美尼亚土豆沙拉
Lahmojoun With Beef,Lahmojoun与牛肉,牛肉饼
Lahmojoun ,Lahmojoun（素）,面饼
Khachapuri ,哈卡普里（素）,哈卡普里
Joojukh Soup,Joojukh汤,调味酸奶
Armenian Pork Shish Kebab,亚美尼亚猪肉香肠,亚美尼亚猪肉香肠
Armenian Vegetable Shish Kebab ,亚美尼亚菜蔬菜,亚美尼亚蔬菜
Blinchiki with Lamb,Blinchiki与羔羊,羊肉布利尼
Choereg (Armenian Easter Bread),Choereg（亚美尼亚复活节面包）,复活节面包
Mafroukeh with Ashta Cream,Mafroukeh与Ashta奶油,坚果饼和奶油
Shamali ,沙玛利亚（素）,柠檬蛋糕
Iced Ceylon Tea,冰晶锡兰茶,冰锡兰茶
Beefy Eggs Machaca,牛肉马丘卡,牛肉鸡蛋卷饼
Grilled Veg on Whole Wheat Baguette ,全麦面包烤面条（素）,烤蔬菜和面包
Grilled Pastrami Sandwich w/Jack/Wheat,烤ami子三明治w /杰克/小麦,烤茄子三明治
Chicken Parmigiana,鸡Parmigiana,鸡肉烤茄子
Bean and Cheese Burrito ,豆和芝士卷饼（素）,豆子芝士卷饼
Margherita Pizza ,玛格丽特披萨（素）,玛格丽特披萨
Chilequilles (No Egg) ,智利（无鸡蛋）（素）,玉米饼
Light Cream Cheese,淡奶油奶酪,淡奶油芝士
Bermuda Salad ,百慕大沙拉（素）,百慕大沙拉
Chicken Stir Fry with Green Beans,鸡肉搅拌炒青豆,鸡肉炒青豆
Smoked Pork Loin and Gouda Sandwich,烟熏猪肉和Gouda三明治,熏猪肉三明治
Falafel ,法拉费尔（素）,油炸团子
Bread Olive ,面包橄榄（素）,面包橄榄
Cashew Veggie Tofu ,腰果蔬菜豆腐,腰果蔬菜豆腐
North African Stew ,北非炖肉,北非炖肉
Tomato and Leek Marinara ,番茄和韭菜Marinara（素）,番茄韭菜意面
Cake Devilyinhaos Food with Fudge Icing,蛋糕Devilyinhaos食物与软糖,软糖蛋糕
Turkey Stir Fry with Veggies & Noodles,火鸡搅拌炒蔬菜,火鸡蔬菜炒面
Marinara Sauce with Chicken & Mushrooms,马里纳拉酱与鸡肉,鸡肉马里纳拉酱和蘑菇
Turkey Provolone & Garlic Aoli Panini,火鸡Provolone,火鸡芝士帕尼尼
Vegetable Rice Soup ,蔬菜汤（素）,蔬菜米饭汤
Turkey Focaccia Sandwich,火鸡Focaccia三明治,火鸡三明治
Broccoli Mushroom Noodle Casserole ,西兰花蘑菇面条砂锅（素）,西兰花蘑菇面条
Whole Wheat Sunflower Roll ,全麦向日葵卷（素）,全麦向日葵卷
Peach Crumb Pie  ,桃子馅饼（w /坚果）（素）,桃子馅饼
Penne with Sun Dried Tomato ,Penne与太阳番茄（素）,番茄干
Chorizo Spiced Potato Quesadilla ,香茅五香薯ato（素）,香茅土豆墨西哥馅饼
Fried Chicken PoyinhaoBoy Sandwich,炸鸡PoyinhaoBoy三明治,炸鸡三明治
Marinara Sauce with Mushrooms ,马里纳拉酱蘑菇（素）,马里纳蘑菇酱
Pepita,Pepita,南瓜子
Grilled Ham and Cheese Sandwich,烤火腿和奶酪三明治,烤火腿芝士三明治
Mandarin Orange,橘子,橙子
Baba Ganoush with Roasted Eggplant ,Baba Ganoush与烤茄子（素）,酱烤茄子
Armenian Trout Filet,亚美尼亚鳟鱼文件,亚美尼亚鳟鱼
Spicy Veggie w/Peanut Sauce  ,（素）坚果酱（素）,辣蔬菜/坚果酱
Trout Congee,鳟鱼粥,鳟鱼粥
Artichoke Pizza w/Pesto on White ,（P）白色（素）,朝鲜蓟披萨
Texas Style French Toast ,德州风味法式吐司（素）,德州风味吐司
Tempura Swai Fish,天妇罗Swai鱼,天妇罗Swai鱼
Tri Tip,三提,烤牛肉
Steamed Red Potatoes ,蒸红薯（素）,蒸红薯
Philly Cheese Steak,费城奶酪牛排,费城芝士牛扒
Garlic Pizza on Wheat ,小麦上的大蒜披萨（素）,蒜味披萨
Chicken Asian Noodle Soup,鸡亚鸡汤,鸡肉面
Chicken Taquito,鸡肉汤,鸡肉汤
Sauteed Button Mushrooms ,炒菜蘑菇（素）,炒蘑菇
Croissant with Scrm Egg/Ham/Cheese,牛排面包鸡蛋/火腿/奶酪,鸡蛋/火腿/奶酪面包
Cake Carrot  ,蛋糕胡萝卜（w /坚果）（素）,胡萝卜蛋糕
Chicken Breast Parmesan Sandwich,鸡胸肉巴马酱三明治,鸡胸肉巴马酱三明治
Herb Spaghetti w/Garlic & Olive Oil ,草本意大利面/大蒜,香料意大利面
Apple Pie,苹果派,苹果派
Rosemary Roasted Chicken Quarters,迷迭香烤鸡舍,迷迭香烤鸡
Sauteed Zucchini w/ Ginger ,西葫芦西葫芦/姜（素）,西葫芦炒生姜
Spicy Shrimp Roll,辣虾卷,辣虾寿司卷
Cucumber & Avocado Roll ,黄瓜,牛油果黄瓜卷
Grilled Cheddar On Wheat ,小麦烤切片（素）,小麦面包配干酪
Shoestring Fries ,煎饼（素）,炸薯条
Sun Dried Tomato Bread ,太阳番茄面包（素）,面包配番茄干
Dutch Apple Bar ,荷兰苹果酒吧（素）,荷兰苹果塔
Zucchini Salad with Dill & Feta ,西葫芦沙拉配莳萝,西葫芦沙拉配莳萝及干酪
Green Bell Pepper Strip,绿色胡椒椒,青椒条
Jicama Salad ,茉莉沙拉（素）,凉薯沙拉
Beef Teriyaki,牛肉Teriyaki,烤牛肉
Vegetable Lo Mein ,蔬菜Lo in,蔬菜捞面
Sugar Snap Peas ,糖豌豆（素）,甜豌豆
Brussel Sprouts with Soy & Garlic ,布鲁塞尔豆芽与大豆,酱汁球芽甘蓝与大蒜
Miso & Pho Line,味噌,味增河粉
Classic Miso Soup,经典味噌汤,经典味增汤
Pho Soup,Pho汤,越南河粉汤
Chicken Fajita,鸡Fajita,烤鸡肉佐青椒
Vegetable Fajitas ,蔬菜Fajitas（素）,墨西哥蔬菜卷
Spanish Rice,西班牙米饭,西班牙米饭
Whole Wheat Tortilla,全麦小麦玉米饼,全麦玉米饼
Spicy Black Bean Soup ,辣黑豆汤（素）,辣黑豆汤
Rotini with Garlic Butter ,罗利尼与大蒜黄油（素）,蒜蓉黄油意面
Sesame Bread ,芝麻面包（素）,芝麻面包
Lemon Almond Cornmeal Cake  ,柠檬杏仁玉米蛋糕（w /坚果）（素）,柠檬杏仁玉米蛋糕
Thick French Toast ,厚法国吐司（素）,厚法国吐司
Sausage Biscuits & Gravy,香肠饼干,酱汁香肠饼干
Chocolate Chip Banana Bread ,巧克力香蕉面包（素）,巧克力香蕉面包
Ambrosia Salad  ,安布拉沙拉（w /坚果）（素）,安不拉沙拉
Vietnamese Vermicelli Pork,越南粉丝猪肉,越南猪肉粉丝
Rice Noodles with Black Bean Sauce ,黑豆酱米面（五）,黑豆酱米线
Chicken Spinach & Mushroom Lasagna,鸡菠菜,鸡肉蘑菇菠菜千层面
Fresh Herb Polenta with Marinara ,新鲜草药玉米粥与马里纳拉（素）,新鲜药草大麦粥配马瑞娜拉调味汁
Assorted Meat Pizza,什锦肉类披萨饼,什锦肉类披萨
Quattro Formaggio Pizza on Wheat ,小麦上的Quattro Formaggio披萨（素）,小麦披萨
Charburger,烤肉汉堡,烤肉汉堡
Grilled Vegetable Burger ,烤蔬菜汉堡,烤蔬菜汉堡
Hot Dog,热狗,热狗
Pesto Bread ,Pesto面包（素）,蒜蓉面包
Apple Kuchen  ,苹果Kuchen（w /坚果）（素）,德式苹果蛋糕
Brownie w/Chocolate Icing ,布朗尼（巧克力糖）（素）,巧克力布朗尼蛋糕
Red Wine Vinegar,红葡萄酒醋,红酒醋
Green Pea (Frozen),绿豌豆（冷冻）,冻绿豌豆
Organic Spinach,有机菠菜,有机菠菜
Coleslaw ,大肠杆菌（素）,凉拌卷心菜
French Potato Salad ,法国土豆沙拉（素）,法式土豆沙拉
Ginger Beef Stir Fry,姜牛肉搅拌,牛肉炒生姜
Grilled Tilapia w/ Italian Spice,烤罗非鱼与意大利香料,烤罗非鱼佐意大利香料
Fire Roasted Tomato Chipotle Salsa,火烤番茄Chipotle莎莎,墨西哥辣味番茄酱
Spanish Corn ,西班牙玉米（素）,西班牙玉米
Broccoli Garlic Soup ,西兰花大蒜汤（素）,蒜蓉西蓝花汤
Fettuccine with Chicken/Olives/Garlic,Fettuccine与鸡/橄榄/大蒜,蒜蓉橄榄鸡肉意面
Fusilli w/Roasted Vegetables ,Fusilli w /烤蔬菜（素）,蔬菜通心粉
Zucchini Bread  ,西葫芦面包（w /坚果）（素）,西葫芦面包
Cream Cheese Pie ,奶油奶酪馅饼（素）,奶油干酪派
Grilled Tilapia with Lemon Pepper,烤罗非鱼与柠檬胡椒,柠檬胡椒烤罗非鱼
Cream of Broccoli Soup ,西兰花汤（素）,西蓝花奶油汤
Eggplant Parmigiana ,茄子罂粟（素）,茄子配帕尔马干酪
Steamed Carrots & Zucchini ,蒸胡萝卜,清蒸胡萝卜与西葫芦
Beef Chili Colorado Burrito,牛肉辣椒科罗拉多烤肉,科罗拉多辣牛肉卷
Bean & Cheese Sopes ,豆,芝士大豆塔
Four Cheese Pizza ,四奶酪披萨（素）,奶酪披萨
Pasta Arabiata with Chicken,zPasta Arabiata与鸡,鸡肉意面
Garden Vegetable Marinara Sauce ,花园蔬菜Marinara酱（素）,马瑞娜拉蔬菜酱
Grilled Cheese Sandwich on Sourdough ,烤牛排三明治（素）,烤芝士三明治
Waldorf Salad  ,华尔道夫沙拉（w /坚果）（素）,华尔道夫沙拉
Roasted Garlic Roll ,烤大蒜卷（素）,烤大蒜卷
Rice Krispie Treat ,米糠治疗（素）,西式米花糖
Killer Brownie  ,杀手布朗尼（w /坚果）（素）,杀手布朗尼蛋糕
Chicken Piccata,鸡皮卡塔,香溜鸡肉片
Crookneck Squash & Herbs ,Crookneck壁球,香料南瓜块
Mushroom Stroganoff ,蘑菇Stroganoff（素）,斯特罗加蘑菇
Grilled Pork Taco,烤猪肉卷,猪肉玉米饼
Potato Gordas with Black Beans ,黑豆土豆Gordas（素）,土豆裹黑豆
Teriyaki Chicken Stir Fry,Teriyaki鸡肉搅拌,照烧鸡肉
Pineapple Fried Rice with Tofu ,菠萝炸饭豆腐（素）,菠萝豆腐炒饭
Onion Bread ,洋葱面包（素）,洋葱面包
Black Forest Cake ,黑森林蛋糕（素）,黑森林蛋糕
Fish Cake,鱼蛋糕,鱼蛋糕
Burre Blanc Sauce ,anc酱（素）,黑布雷酱
Chorizo And Eggs,香肠和鸡蛋,鸡蛋配西班牙辣香肠
Home Fried Potatoes ,炒土豆（素）,炒土豆
Morning Glory Muffin  ,牵牛花松饼（w /坚果）（素）,晨光麦芬
Pullman Wheat Bread,铂尔曼小麦面包,普尔曼全麦面包
Raisin Bran Cereal,葡萄干麸谷物,葡萄干燕麦片
Chef Salad,主厨沙拉,主厨沙拉
Chicken Arroz con Pollo,鸡Arroz con Pollo,古巴鸡肉饭
Cheese & Chile Tamale w/ Green Sauce ,起司,绿酱佐辣椒芝士粉蒸肉
Chili Style Lentil Soup ,辣椒型扁豆汤（素）,辣椒扁豆汤
Roll Raisin W/Glaze ,卷葡萄干W /釉（素）,葡萄干卷
Lemon Jello Cake,柠檬果冻蛋糕,柠檬果冻
Cheesecake Bars  ,芝士蛋糕酒吧（w /坚果）（素）,芝士蛋糕
Roast Turkey,烤火鸡,烤火鸡
Turkey Gravy,火鸡肉汁,火鸡酱汁
Kung Pao Beef ,宫爆牛肉,宫爆牛肉
Fresh Mushroom Quiche ,新鲜蘑菇乳蛋饼（素）,蘑菇塔
Mashed Red Potatoes w/ Garlic ,捣碎的红薯土豆（素）,蒜蓉红薯泥
Bread Stuffing,面包馅,面包馅
Sauteed Zucchini ,西葫芦（素）,快炒西葫芦
Steamed Corn ,蒸玉米（素）,蒸玉米
Chicken Vegetable Soup,鸡肉蔬菜汤,蔬菜鸡肉汤
Marinara Sauce with Sausage,香肠酱香肠,马瑞娜拉酱佐香肠
Marinara Sauce with Eggplant ,马里纳拉酱茄子（素）,马瑞娜拉酱佐茄子
Baked Potato Bar,烤土豆吧,烤土豆
Real Bacon Bits,真正的培根位,培根
Ranch Dressing ,牧场敷料（素）,牧场沙拉酱
Banana Cream Pie,香蕉奶油馅饼,香蕉奶油酱
Apple Crepes ,苹果绉纱（素）,苹果薄饼
Sticky Bun  , /坚果）（素）,蛋糕卷
Banana Muffin ,香蕉松饼（素）,香蕉麦芬
Brown Rice/Legumes Salad  ,糙米/豆类沙拉（w /坚果）（素）,五谷沙拉
Coleslaw with Vinagrette ,凉菜与Vinagrette（素）,酱拌卷心菜
Lemon Baked Fresh Snapper,柠檬烤新鲜鲷鱼,柠檬鲷鱼
Chicken Pot Pie,鸡锅饼,鸡肉蔬菜派
Roasted Butternut Squash ,烤胡桃南瓜（素）,烤南瓜块
Fresh Sauteed Spinach ,新鲜菠菜（素）,快炒菠菜
Carnitas Torta Bar,Carnitas Torta酒吧,墨西哥肉夹馍自助台
Pulled Pork,拉猪肉,猪肉肉丝
Wide French Baguette,宽法式长方形,法式长包
Yellow Onion,黄洋葱,黄洋葱